#date;pid;id;http method;host;URL;HTTP status;size;duration;transaction;match;error;tag
1399555702.599873;<0.500.0>;195;post;staging-lpa.service.dsd.io;/user/register;502;10079;23.476;-;match_stop;;
1399555703.242091;<0.235.0>;68;get;staging-lpa.service.dsd.io;/create/when-to-use;502;10079;23.960;-;match_stop;;
1399555703.397862;<0.452.0>;172;get;staging-lpa.service.dsd.io;/activate/b1a3dc350f20b0dcc06626d083449230;502;10079;24.694;-;match_stop;;
1399555703.504741;<0.441.0>;167;get;staging-lpa.service.dsd.io;/user/login;502;10079;27.623;-;match_stop;;
1399555704.918979;<0.161.0>;35;post;staging-lpa.service.dsd.io;/create/add-attorney;502;10079;23.833;-;match_stop;;
1399555705.00495;<0.449.0>;171;get;staging-lpa.service.dsd.io;/user/login;502;10079;24.677;-;match_stop;;
1399555705.238176;<0.113.0>;10;post;staging-lpa.service.dsd.io;/create/add-attorney;502;10079;27.021;-;match_stop;;
1399555705.759929;<0.487.0>;189;post;staging-lpa.service.dsd.io;/user/register;502;10079;24.655;-;match_stop;;
1399555705.836883;<0.150.0>;28;get;staging-lpa.service.dsd.io;/create/attorneys;502;10079;31.715;-;match_stop;;
1399555705.837615;<0.310.0>;105;get;staging-lpa.service.dsd.io;/postcode/lookup?postcode=SW10+9LB;502;10079;32.485;-;match_stop;;
1399555705.895774;<0.375.0>;135;get;staging-lpa.service.dsd.io;/create/lpa-type;502;10079;26.584;-;match_stop;;
1399555706.016348;<0.160.0>;34;get;staging-lpa.service.dsd.io;/pdf/draft/Lasting-Power-of-Attorney-Draft.pdf;502;10079;23.193;-;match_stop;;
1399555706.281845;<0.318.0>;109;get;staging-lpa.service.dsd.io;/create/add-donor;502;10079;24.725;-;match_stop;;
1399555706.431313;<0.376.0>;136;get;staging-lpa.service.dsd.io;/create/lpa-type;502;10079;27.211;-;match_stop;;
1399555709.530864;<0.384.0>;141;post;staging-lpa.service.dsd.io;/user/login;502;10079;29.656;-;match_stop;;
1399555709.583496;<0.207.0>;54;get;staging-lpa.service.dsd.io;/address/lookup?addressid=23911113;502;10079;26.397;-;match_stop;;
1399555709.609486;<0.95.0>;2;get;staging-lpa.service.dsd.io;/postcode/lookup?postcode=SW10+9LB;502;10079;26.397;-;match_stop;;
1399555709.676372;<0.199.0>;51;post;staging-lpa.service.dsd.io;/create/when-to-use;502;10079;26.279;-;match_stop;;
1399555709.724439;<0.114.0>;11;get;staging-lpa.service.dsd.io;/address/lookup?addressid=23911113;502;10079;25.334;-;match_stop;;
1399555710.231645;<0.543.0>;216;get;staging-lpa.service.dsd.io;/?autoTestKey=I5iOAmnnQaq5JPI8JHYcdXQPlI09bQnHoeAxb7xYjTe+FLPTVHZho3zK0mu41ouPmxLXJlZYi;502;10079;168.525;-;match_stop;;
1399555710.260699;<0.242.0>;71;post;staging-lpa.service.dsd.io;/create/add-donor;502;10079;27.528;-;match_stop;;
1399555710.59294;<0.507.0>;198;get;staging-lpa.service.dsd.io;/user/register;502;10079;29.794;-;match_stop;;
1399555716.855093;<0.142.0>;23;post;staging-lpa.service.dsd.io;/create/add-replacement-attorney;502;10079;27.959;-;match_stop;;
1399555717.058503;<0.308.0>;104;get;staging-lpa.service.dsd.io;/postcode/lookup?postcode=SW10+9LB;502;10079;23.401;-;match_stop;;
1399555717.069447;<0.522.0>;205;get;staging-lpa.service.dsd.io;/user/register;502;10079;30.355;-;match_stop;;
1399555717.124336;<0.431.0>;163;get;staging-lpa.service.dsd.io;/user/login;502;10079;23.234;-;match_stop;;
1399555717.151929;<0.157.0>;31;get;staging-lpa.service.dsd.io;/create/attorneys;502;10079;25.825;-;match_stop;;
1399555717.214793;<0.408.0>;151;get;staging-lpa.service.dsd.io;/user/login;502;10079;23.645;-;match_stop;;
1399555717.251325;<0.480.0>;185;get;staging-lpa.service.dsd.io;/activate/8e8ac779423e26cb1f75f234c090ea50;502;10079;24.131;-;match_stop;;
1399555717.253953;<0.424.0>;158;post;staging-lpa.service.dsd.io;/user/login;502;10079;24.827;-;match_stop;;
1399555717.576236;<0.122.0>;15;get;staging-lpa.service.dsd.io;/address/lookup?addressid=23911113;502;10079;26.086;-;match_stop;;
1399555729.278755;<0.518.0>;203;get;staging-lpa.service.dsd.io;/activate/b107168d0994d847fc1643dafc455edd;502;10079;23.561;-;match_stop;;
1399555729.349618;<0.459.0>;174;get;staging-lpa.service.dsd.io;/user/login;502;10079;29.474;-;match_stop;;
1399555729.620947;<0.267.0>;83;get;staging-lpa.service.dsd.io;/address/lookup?addressid=23911113;502;10079;23.808;-;match_stop;;
1399555730.603479;<0.532.0>;213;post;staging-lpa.service.dsd.io;/user/register;502;10079;28.119;-;match_stop;;
1399555730.622077;<0.172.0>;40;get;staging-lpa.service.dsd.io;/pdf/draft/Lasting-Power-of-Attorney-Draft.pdf;502;10079;25.987;-;match_stop;;
1399555730.761736;<0.337.0>;118;get;staging-lpa.service.dsd.io;/postcode/lookup?postcode=SW10+9LB;502;10079;25.627;-;match_stop;;
1399555730.824847;<0.465.0>;179;post;staging-lpa.service.dsd.io;/user/login;502;10079;25.713;-;match_stop;;
1399555730.880971;<0.537.0>;214;post;staging-lpa.service.dsd.io;/user/register;502;10079;23.701;-;match_stop;;
1399555732.231542;<0.302.0>;101;get;staging-lpa.service.dsd.io;/address/lookup?addressid=23911113;502;10079;28.386;-;match_stop;;
1399555732.269268;<0.527.0>;208;post;staging-lpa.service.dsd.io;/user/register;502;10079;24.012;-;match_stop;;
1399555745.781973;<0.402.0>;148;post;staging-lpa.service.dsd.io;/create/lpa-type;502;10079;24.868;-;match_stop;;
1399555745.784918;<0.410.0>;153;get;staging-lpa.service.dsd.io;/create/lpa-type;502;10079;26.825;-;match_stop;;
1399555745.822205;<0.280.0>;91;post;staging-lpa.service.dsd.io;/create/add-donor;502;10079;28.098;-;match_stop;;
1399555747.035212;<0.618.0>;250;get;staging-lpa.service.dsd.io;/?autoTestKey=I5iOAmnnQaq5JPI8JHYcdXQPlI09bQnHoeAxb7xYjTe+FLPTVHZho3zK0mu41ouPmxLXJlZYi;502;10079;159.065;-;match_stop;;
1399555750.965139;<0.353.0>;125;get;staging-lpa.service.dsd.io;/postcode/lookup?postcode=SW10+9LB;502;10079;25.979;-;match_stop;;
1399555751.170541;<0.223.0>;64;get;staging-lpa.service.dsd.io;/create/add-attorney;502;10079;24.435;-;match_stop;;
1399555753.563775;<0.426.0>;160;post;staging-lpa.service.dsd.io;/user/about-you;502;10079;26.634;-;match_stop;;
1399555753.94359;<0.379.0>;138;get;staging-lpa.service.dsd.io;/create/lpa-type;502;10079;25.481;-;match_stop;;
1399555753.946679;<0.608.0>;246;get;staging-lpa.service.dsd.io;/user/register;502;10079;25.589;-;match_stop;;
1399555753.95522;<0.586.0>;236;post;staging-lpa.service.dsd.io;/user/register;502;10079;25.925;-;match_stop;;
1399555753.97791;<0.335.0>;116;get;staging-lpa.service.dsd.io;/postcode/lookup?postcode=SW10+9LB;502;10079;24.794;-;match_stop;;
1399555754.733025;<0.214.0>;58;get;staging-lpa.service.dsd.io;/postcode/lookup?postcode=SW10+9LB;502;10079;24.889;-;match_stop;;
1399555754.754498;<0.146.0>;27;get;staging-lpa.service.dsd.io;/address/lookup?addressid=23911113;502;10079;23.402;-;match_stop;;
1399555755.673692;<0.423.0>;157;get;staging-lpa.service.dsd.io;/create/lpa-type;502;10079;27.567;-;match_stop;;
1399555755.67603;<0.595.0>;242;post;staging-lpa.service.dsd.io;/user/register;502;10079;26.815;-;match_stop;;
1399555755.765342;<0.488.0>;190;get;staging-lpa.service.dsd.io;/user/about-you;502;10079;26.193;-;match_stop;;
1399555755.81012;<0.294.0>;98;get;staging-lpa.service.dsd.io;/create/donor;502;10079;25.018;-;match_stop;;
1399555755.940807;<0.247.0>;73;post;staging-lpa.service.dsd.io;/create/when-to-use;502;10079;23.594;-;match_stop;;
1399555756.11643;<0.325.0>;111;post;staging-lpa.service.dsd.io;/create/add-donor;502;10079;24.260;-;match_stop;;
1399555758.906686;<0.363.0>;129;post;staging-lpa.service.dsd.io;/create/lpa-type;502;10079;24.566;-;match_stop;;
1399555761.04232;<0.253.0>;77;get;staging-lpa.service.dsd.io;/create/attorneys;502;10079;26.194;-;match_stop;;
1399555761.172815;<0.566.0>;226;get;staging-lpa.service.dsd.io;/user/login;502;10079;25.653;-;match_stop;;
1399555762.738059;<0.649.0>;267;get;staging-lpa.service.dsd.io;/?autoTestKey=I5iOAmnnQaq5JPI8JHYcdXQPlI09bQnHoeAxb7xYjTe+FLPTVHZho3zK0mu41ouPmxLXJlZYi;502;10079;152.929;-;match_stop;;
1399555763.002372;<0.477.0>;183;post;staging-lpa.service.dsd.io;/user/login;502;10079;24.177;-;match_stop;;
1399555763.069966;<0.638.0>;261;get;staging-lpa.service.dsd.io;/user/register;502;10079;24.713;-;match_stop;;
1399555764.201868;<0.642.0>;263;get;staging-lpa.service.dsd.io;/?autoTestKey=I5iOAmnnQaq5JPI8JHYcdXQPlI09bQnHoeAxb7xYjTe+FLPTVHZho3zK0mu41ouPmxLXJlZYi;502;10079;217.618;-;match_stop;;
1399555764.207199;<0.600.0>;243;post;staging-lpa.service.dsd.io;/user/register;502;10079;57.932;-;match_stop;;
1399555764.377278;<0.180.0>;42;get;staging-lpa.service.dsd.io;/address/lookup?addressid=23911113;502;10079;25.129;-;match_stop;;
1399555765.32987;<0.611.0>;248;post;staging-lpa.service.dsd.io;/user/register;502;10079;23.512;-;match_stop;;
1399555765.388252;<0.657.0>;271;get;staging-lpa.service.dsd.io;/?autoTestKey=I5iOAmnnQaq5JPI8JHYcdXQPlI09bQnHoeAxb7xYjTe+FLPTVHZho3zK0mu41ouPmxLXJlZYi;502;10079;163.101;-;match_stop;;
1399555765.804882;<0.129.0>;19;post;staging-lpa.service.dsd.io;/create/add-certificate-provider;502;10079;28.743;-;match_stop;;
1399555765.995819;<0.367.0>;131;get;staging-lpa.service.dsd.io;/postcode/lookup?postcode=SW10+9LB;502;10079;24.697;-;match_stop;;
1399555766.200257;<0.641.0>;262;get;staging-lpa.service.dsd.io;/user/register;502;10079;29.160;-;match_stop;;
1399555766.202555;<0.343.0>;120;post;staging-lpa.service.dsd.io;/create/add-donor;502;10079;25.461;-;match_stop;;
1399555766.223923;<0.668.0>;276;get;staging-lpa.service.dsd.io;/?autoTestKey=I5iOAmnnQaq5JPI8JHYcdXQPlI09bQnHoeAxb7xYjTe+FLPTVHZho3zK0mu41ouPmxLXJlZYi;502;10079;158.822;-;match_stop;;
1399555767.206053;<0.544.0>;217;get;staging-lpa.service.dsd.io;/user/login;502;10079;24.864;-;match_stop;;
1399555767.219162;<0.462.0>;176;post;staging-lpa.service.dsd.io;/user/about-you;502;10079;29.037;-;match_stop;;
1399555767.309323;<0.331.0>;113;get;staging-lpa.service.dsd.io;/address/lookup?addressid=23911113;502;10079;25.170;-;match_stop;;
1399555767.945974;<0.585.0>;235;get;staging-lpa.service.dsd.io;/user/register;502;10079;25.838;-;match_stop;;
1399555767.979215;<0.398.0>;146;get;staging-lpa.service.dsd.io;/create/add-donor;502;10079;25.063;-;match_stop;;
1399555768.077446;<0.103.0>;5;get;staging-lpa.service.dsd.io;/pdf/draft/Lasting-Power-of-Attorney-Draft.pdf;502;10079;25.202;-;match_stop;;
1399555768.148187;<0.166.0>;36;post;staging-lpa.service.dsd.io;/create/add-attorney;502;10079;24.924;-;match_stop;;
1399555768.352577;<0.201.0>;52;get;staging-lpa.service.dsd.io;/pdf/draft/Lasting-Power-of-Attorney-Draft.pdf;502;10079;30.417;-;match_stop;;
1399555768.377523;<0.169.0>;38;get;staging-lpa.service.dsd.io;/create/attorneys;502;10079;29.380;-;match_stop;;
1399555768.415885;<0.681.0>;281;get;staging-lpa.service.dsd.io;/?autoTestKey=I5iOAmnnQaq5JPI8JHYcdXQPlI09bQnHoeAxb7xYjTe+FLPTVHZho3zK0mu41ouPmxLXJlZYi;502;10079;179.768;-;match_stop;;
1399555768.474327;<0.588.0>;238;get;staging-lpa.service.dsd.io;/activate/03b11073ae091c9a4b1e8e9ef5e8eb86;502;10079;35.124;-;match_stop;;
1399555768.84146;<0.298.0>;99;get;staging-lpa.service.dsd.io;/address/lookup?addressid=23911113;502;10079;25.281;-;match_stop;;
1399555768.905684;<0.554.0>;221;get;staging-lpa.service.dsd.io;/activate/9d09676b3160e9678886a6359e69bace;502;10079;24.537;-;match_stop;;
1399555768.961347;<0.460.0>;175;get;staging-lpa.service.dsd.io;/create/lpa-type;502;10079;26.254;-;match_stop;;
1399555780.729161;<0.529.0>;210;get;staging-lpa.service.dsd.io;/user/about-you;502;10079;22.988;-;match_stop;;
1399555780.885071;<0.495.0>;193;post;staging-lpa.service.dsd.io;/user/about-you;502;10079;24.843;-;match_stop;;
1399555790.914874;<0.254.0>;78;get;staging-lpa.service.dsd.io;/create/attorneys;502;10079;24.732;-;match_stop;;
1399555790.923271;<0.141.0>;22;get;staging-lpa.service.dsd.io;/postcode/lookup?postcode=SW10+9LB;502;10079;24.154;-;match_stop;;
1399555790.924492;<0.731.0>;305;get;staging-lpa.service.dsd.io;/?autoTestKey=I5iOAmnnQaq5JPI8JHYcdXQPlI09bQnHoeAxb7xYjTe+FLPTVHZho3zK0mu41ouPmxLXJlZYi;502;10079;148.363;-;match_stop;;
1399555791.154835;<0.472.0>;181;post;staging-lpa.service.dsd.io;/create/lpa-type;502;10079;28.708;-;match_stop;;
1399555791.155559;<0.372.0>;134;get;staging-lpa.service.dsd.io;/address/lookup?addressid=23911113;502;10079;28.458;-;match_stop;;
1399555791.404783;<0.155.0>;29;get;staging-lpa.service.dsd.io;/address/lookup?addressid=23911113;502;10079;25.592;-;match_stop;;
1399555791.417064;<0.580.0>;233;get;staging-lpa.service.dsd.io;/user/login;502;10079;24.877;-;match_stop;;
1399555791.49918;<0.634.0>;259;get;staging-lpa.service.dsd.io;/activate/1b208d57dc22777b344071a088d192b0;502;10079;25.879;-;match_stop;;
1399555791.504527;<0.496.0>;194;post;staging-lpa.service.dsd.io;/user/about-you;502;10079;24.412;-;match_stop;;
1399555792.304553;<0.569.0>;228;post;staging-lpa.service.dsd.io;/user/login;502;10079;25.293;-;match_stop;;
1399555798.832078;<0.713.0>;295;get;staging-lpa.service.dsd.io;/user/register;502;10079;24.907;-;match_stop;;
1399555798.873564;<0.744.0>;311;get;staging-lpa.service.dsd.io;/?autoTestKey=I5iOAmnnQaq5JPI8JHYcdXQPlI09bQnHoeAxb7xYjTe+FLPTVHZho3zK0mu41ouPmxLXJlZYi;502;10079;153.408;-;match_stop;;
1399555799.298047;<0.503.0>;196;get;staging-lpa.service.dsd.io;/create/lpa-type;502;10079;24.873;-;match_stop;;
1399555799.41836;<0.675.0>;278;post;staging-lpa.service.dsd.io;/user/register;502;10079;25.019;-;match_stop;;
1399555799.719994;<0.427.0>;161;get;staging-lpa.service.dsd.io;/create/add-donor;502;10079;24.817;-;match_stop;;
1399555799.730971;<0.525.0>;207;get;staging-lpa.service.dsd.io;/user/about-you;502;10079;25.823;-;match_stop;;
1399555805.408007;<0.761.0>;321;get;staging-lpa.service.dsd.io;/?autoTestKey=I5iOAmnnQaq5JPI8JHYcdXQPlI09bQnHoeAxb7xYjTe+FLPTVHZho3zK0mu41ouPmxLXJlZYi;502;10079;160.819;-;match_stop;;
1399555805.954561;<0.334.0>;115;post;staging-lpa.service.dsd.io;/create/when-to-use;502;10079;26.377;-;match_stop;;
1399555805.972713;<0.288.0>;96;get;staging-lpa.service.dsd.io;/create/when-to-use;502;10079;25.615;-;match_stop;;
1399555811.448739;<0.105.0>;6;post;staging-lpa.service.dsd.io;/create/add-certificate-provider;502;10079;24.627;-;match_stop;;
1399555811.530397;<0.656.0>;270;get;staging-lpa.service.dsd.io;/user/login;502;10079;28.265;-;match_stop;;
1399555812.784801;<0.378.0>;137;post;staging-lpa.service.dsd.io;/create/add-donor;502;10079;25.590;-;match_stop;;
1399555812.809269;<0.218.0>;61;get;staging-lpa.service.dsd.io;/address/lookup?addressid=23911113;502;10079;24.000;-;match_stop;;
1399555812.823314;<0.448.0>;170;get;staging-lpa.service.dsd.io;/create/add-donor;502;10079;23.184;-;match_stop;;
1399555814.055711;<0.270.0>;86;get;staging-lpa.service.dsd.io;/postcode/lookup?postcode=SW10+9LB;502;10079;26.554;-;match_stop;;
1399555814.30557;<0.158.0>;32;get;staging-lpa.service.dsd.io;/create/replacement-attorneys;502;10079;25.412;-;match_stop;;
1399555814.344889;<0.290.0>;97;get;staging-lpa.service.dsd.io;/create/when-to-use;502;10079;24.529;-;match_stop;;
1399555814.368898;<0.738.0>;308;get;staging-lpa.service.dsd.io;/user/register;502;10079;24.758;-;match_stop;;
1399555814.388096;<0.417.0>;156;get;staging-lpa.service.dsd.io;/postcode/lookup?postcode=SW10+9LB;502;10079;23.954;-;match_stop;;
1399555814.440098;<0.725.0>;302;post;staging-lpa.service.dsd.io;/user/register;502;10079;24.775;-;match_stop;;
1399555816.517742;<0.793.0>;334;get;staging-lpa.service.dsd.io;/?autoTestKey=I5iOAmnnQaq5JPI8JHYcdXQPlI09bQnHoeAxb7xYjTe+FLPTVHZho3zK0mu41ouPmxLXJlZYi;502;10079;153.572;-;match_stop;;
1399555816.718873;<0.730.0>;304;post;staging-lpa.service.dsd.io;/user/register;502;10079;24.506;-;match_stop;;
1399555816.745632;<0.716.0>;297;post;staging-lpa.service.dsd.io;/user/register;502;10079;25.974;-;match_stop;;
1399555816.749215;<0.252.0>;76;get;staging-lpa.service.dsd.io;/create/attorneys;502;10079;29.130;-;match_stop;;
1399555816.899396;<0.512.0>;200;get;staging-lpa.service.dsd.io;/create/lpa-type;502;10079;26.243;-;match_stop;;
1399555818.238367;<0.237.0>;70;get;staging-lpa.service.dsd.io;/create/replacement-attorneys;502;10079;26.240;-;match_stop;;
1399555818.249761;<0.741.0>;309;get;staging-lpa.service.dsd.io;/user/register;502;10079;27.643;-;match_stop;;
1399555818.299676;<0.432.0>;164;get;staging-lpa.service.dsd.io;/create/add-donor;502;10079;26.528;-;match_stop;;
1399555818.868289;<0.678.0>;279;get;staging-lpa.service.dsd.io;/user/login;502;10079;28.079;-;match_stop;;
1399555818.906337;<0.202.0>;53;get;staging-lpa.service.dsd.io;/create/replacement-attorneys;502;10079;24.173;-;match_stop;;
1399555818.930443;<0.134.0>;20;post;staging-lpa.service.dsd.io;/create/add-replacement-attorney;502;10079;25.247;-;match_stop;;
1399555819.10408;<0.703.0>;291;get;staging-lpa.service.dsd.io;/activate/d95c5ff670739451f390d00726722896;502;10079;29.784;-;match_stop;;
1399555819.144272;<0.587.0>;237;post;staging-lpa.service.dsd.io;/user/login;502;10079;26.013;-;match_stop;;
1399555819.313327;<0.648.0>;266;get;staging-lpa.service.dsd.io;/user/login;502;10079;27.160;-;match_stop;;
1399555819.705433;<0.561.0>;225;get;staging-lpa.service.dsd.io;/create/lpa-type;502;10079;27.307;-;match_stop;;
1399555831.771813;<0.123.0>;16;get;staging-lpa.service.dsd.io;/address/lookup?addressid=23911113;502;10079;24.699;-;match_stop;;
1399555831.883851;<0.168.0>;37;get;staging-lpa.service.dsd.io;/pdf/draft/Lasting-Power-of-Attorney-Draft.pdf;502;10079;27.677;-;match_stop;;
1399555831.884797;<0.621.0>;253;post;staging-lpa.service.dsd.io;/user/about-you;502;10079;28.625;-;match_stop;;
1399555835.480826;<0.558.0>;223;post;staging-lpa.service.dsd.io;/create/lpa-type;502;10079;27.725;-;match_stop;;
1399555835.924869;<0.801.0>;340;get;staging-lpa.service.dsd.io;/user/register;502;10079;28.757;-;match_stop;;
1399555835.974244;<0.752.0>;316;get;staging-lpa.service.dsd.io;/activate/ea0fe87f48a6a3b2e2ec14319cb8885c;502;10079;25.067;-;match_stop;;
1399555836.691829;<0.631.0>;258;get;staging-lpa.service.dsd.io;/user/about-you;502;10079;26.682;-;match_stop;;
1399555836.744717;<0.513.0>;201;get;staging-lpa.service.dsd.io;/create/add-donor;502;10079;24.577;-;match_stop;;
1399555836.770691;<0.528.0>;209;post;staging-lpa.service.dsd.io;/create/lpa-type;502;10079;61.558;-;match_stop;;
1399555836.781978;<0.590.0>;239;post;staging-lpa.service.dsd.io;/create/lpa-type;502;10079;24.878;-;match_stop;;
1399555836.808101;<0.303.0>;102;post;staging-lpa.service.dsd.io;/create/when-to-use;502;10079;24.939;-;match_stop;;
1399555836.873456;<0.445.0>;169;get;staging-lpa.service.dsd.io;/postcode/lookup?postcode=SW10+9LB;502;10079;25.284;-;match_stop;;
1399555836.928492;<0.359.0>;128;get;staging-lpa.service.dsd.io;/create/when-to-use;502;10079;26.297;-;match_stop;;
1399555837.000967;<0.493.0>;192;get;staging-lpa.service.dsd.io;/create/add-donor;502;10079;23.740;-;match_stop;;
1399555837.19741;<0.808.0>;344;get;staging-lpa.service.dsd.io;/user/register;502;10079;26.255;-;match_stop;;
1399555837.917949;<0.679.0>;280;get;staging-lpa.service.dsd.io;/user/about-you;502;10079;25.672;-;match_stop;;
1399555838.04232;<0.594.0>;241;post;staging-lpa.service.dsd.io;/user/about-you;502;10079;27.152;-;match_stop;;
1399555838.059059;<0.697.0>;289;post;staging-lpa.service.dsd.io;/user/login;502;10079;27.895;-;match_stop;;
1399555838.304202;<0.156.0>;30;get;staging-lpa.service.dsd.io;/create/certificate-provider;502;10079;25.030;-;match_stop;;
1399555838.391902;<0.797.0>;337;get;staging-lpa.service.dsd.io;/user/register;502;10079;25.732;-;match_stop;;
1399555838.613313;<0.224.0>;65;get;staging-lpa.service.dsd.io;/postcode/lookup?postcode=SW10+9LB;502;10079;25.185;-;match_stop;;
1399555838.756919;<0.805.0>;342;get;staging-lpa.service.dsd.io;/user/register;502;10079;24.734;-;match_stop;;
1399555838.766083;<0.817.0>;348;get;staging-lpa.service.dsd.io;/user/register;502;10079;25.973;-;match_stop;;
1399555839.056217;<0.433.0>;165;get;staging-lpa.service.dsd.io;/create/add-donor;502;10079;37.072;-;match_stop;;
1399555839.131883;<0.273.0>;88;post;staging-lpa.service.dsd.io;/create/add-attorney;502;10079;26.737;-;match_stop;;
1399555839.151188;<0.279.0>;90;get;staging-lpa.service.dsd.io;/address/lookup?addressid=23911113;502;10079;25.047;-;match_stop;;
1399555839.232717;<0.547.0>;219;post;staging-lpa.service.dsd.io;/create/lpa-type;502;10079;23.556;-;match_stop;;
1399555839.391654;<0.552.0>;220;get;staging-lpa.service.dsd.io;/create/add-donor;502;10079;26.395;-;match_stop;;
1399555839.424166;<0.283.0>;93;post;staging-lpa.service.dsd.io;/create/add-attorney;502;10079;39.965;-;match_stop;;
1399555849.465449;<0.257.0>;81;get;staging-lpa.service.dsd.io;/create/replacement-attorneys;502;10079;25.323;-;match_stop;;
1399555849.466089;<0.877.0>;376;get;staging-lpa.service.dsd.io;/?autoTestKey=I5iOAmnnQaq5JPI8JHYcdXQPlI09bQnHoeAxb7xYjTe+FLPTVHZho3zK0mu41ouPmxLXJlZYi;502;10079;155.972;-;match_stop;;
1399555849.574776;<0.107.0>;7;get;staging-lpa.service.dsd.io;/postcode/lookup?postcode=SW10+9LB;502;10079;25.687;-;match_stop;;
1399555850.055934;<0.404.0>;149;get;staging-lpa.service.dsd.io;/address/lookup?addressid=23911113;502;10079;23.709;-;match_stop;;
1399555850.101623;<0.284.0>;94;get;staging-lpa.service.dsd.io;/address/lookup?addressid=23911113;502;10079;24.541;-;match_stop;;
1399555850.116677;<0.700.0>;290;post;staging-lpa.service.dsd.io;/user/login;502;10079;23.531;-;match_stop;;
1399555850.24491;<0.483.0>;187;get;staging-lpa.service.dsd.io;/create/add-donor;502;10079;24.802;-;match_stop;;
1399555850.365646;<0.880.0>;378;get;staging-lpa.service.dsd.io;/?autoTestKey=I5iOAmnnQaq5JPI8JHYcdXQPlI09bQnHoeAxb7xYjTe+FLPTVHZho3zK0mu41ouPmxLXJlZYi;502;10079;156.519;-;match_stop;;
1399555851.921346;<0.857.0>;366;get;staging-lpa.service.dsd.io;/?autoTestKey=I5iOAmnnQaq5JPI8JHYcdXQPlI09bQnHoeAxb7xYjTe+FLPTVHZho3zK0mu41ouPmxLXJlZYi;502;10079;175.143;-;match_stop;;
1399555860.841493;<0.751.0>;315;get;staging-lpa.service.dsd.io;/user/login;502;10079;25.360;-;match_stop;;
1399555860.881901;<0.894.0>;383;get;staging-lpa.service.dsd.io;/?autoTestKey=I5iOAmnnQaq5JPI8JHYcdXQPlI09bQnHoeAxb7xYjTe+FLPTVHZho3zK0mu41ouPmxLXJlZYi;502;10079;165.803;-;match_stop;;
1399555860.996826;<0.706.0>;292;get;staging-lpa.service.dsd.io;/user/about-you;502;10079;26.737;-;match_stop;;
1399555861.015195;<0.818.0>;349;post;staging-lpa.service.dsd.io;/user/register;502;10079;27.928;-;match_stop;;
1399555861.137516;<0.368.0>;132;get;staging-lpa.service.dsd.io;/create/donor;502;10079;28.347;-;match_stop;;
1399555861.153972;<0.94.0>;1;get;staging-lpa.service.dsd.io;/address/lookup?addressid=23911113;502;10079;24.886;-;match_stop;;
1399555861.203668;<0.810.0>;345;get;staging-lpa.service.dsd.io;/activate/f07571d8bcfe9ee9728b0c7cd70c14ea;502;10079;25.524;-;match_stop;;
1399555861.622221;<0.316.0>;108;get;staging-lpa.service.dsd.io;/address/lookup?addressid=23911113;502;10079;23.095;-;match_stop;;
1399555861.6448;<0.771.0>;324;get;staging-lpa.service.dsd.io;/user/login;502;10079;23.711;-;match_stop;;
1399555870.360728;<0.721.0>;300;post;staging-lpa.service.dsd.io;/user/login;502;10079;24.535;-;match_stop;;
1399555870.381717;<0.264.0>;82;get;staging-lpa.service.dsd.io;/pdf/draft/Lasting-Power-of-Attorney-Draft.pdf;502;10079;28.612;-;match_stop;;
1399555870.424564;<0.624.0>;254;post;staging-lpa.service.dsd.io;/create/lpa-type;502;10079;24.439;-;match_stop;;
1399555870.427832;<0.651.0>;268;get;staging-lpa.service.dsd.io;/create/lpa-type;502;10079;23.755;-;match_stop;;
1399555870.530379;<0.559.0>;224;get;staging-lpa.service.dsd.io;/create/add-donor;502;10079;25.212;-;match_stop;;
1399555870.596687;<0.354.0>;126;get;staging-lpa.service.dsd.io;/create/when-to-use;502;10079;24.589;-;match_stop;;
1399555870.599853;<0.882.0>;379;get;staging-lpa.service.dsd.io;/user/register;502;10079;24.772;-;match_stop;;
1399555870.605707;<0.865.0>;370;post;staging-lpa.service.dsd.io;/user/register;502;10079;24.403;-;match_stop;;
1399555874.866324;<0.479.0>;184;get;staging-lpa.service.dsd.io;/address/lookup?addressid=23911113;502;10079;25.120;-;match_stop;;
1399555875.414514;<0.804.0>;341;post;staging-lpa.service.dsd.io;/user/login;502;10079;27.271;-;match_stop;;
1399555875.438108;<0.794.0>;335;get;staging-lpa.service.dsd.io;/user/login;502;10079;26.968;-;match_stop;;
1399555884.061887;<0.212.0>;57;get;staging-lpa.service.dsd.io;/create/replacement-attorneys;502;10079;24.740;-;match_stop;;
1399555884.226556;<0.952.0>;411;get;staging-lpa.service.dsd.io;/?autoTestKey=I5iOAmnnQaq5JPI8JHYcdXQPlI09bQnHoeAxb7xYjTe+FLPTVHZho3zK0mu41ouPmxLXJlZYi;502;10079;156.425;-;match_stop;;
1399555884.240817;<0.575.0>;230;get;staging-lpa.service.dsd.io;/create/add-donor;502;10079;23.691;-;match_stop;;
1399555884.262637;<0.832.0>;353;get;staging-lpa.service.dsd.io;/activate/962bc2d6ca1a7d47db4d7d10b769b037;502;10079;23.490;-;match_stop;;
1399555884.288356;<0.555.0>;222;get;staging-lpa.service.dsd.io;/create/add-donor;502;10079;25.370;-;match_stop;;
1399555884.789905;<0.234.0>;67;get;staging-lpa.service.dsd.io;/create/replacement-attorneys;502;10079;24.754;-;match_stop;;
1399555884.793734;<0.663.0>;273;get;staging-lpa.service.dsd.io;/create/lpa-type;502;10079;26.636;-;match_stop;;
1399555884.84251;<0.835.0>;355;get;staging-lpa.service.dsd.io;/user/login;502;10079;24.382;-;match_stop;;
1399555885.032751;<0.626.0>;255;get;staging-lpa.service.dsd.io;/create/lpa-type;502;10079;23.623;-;match_stop;;
1399555885.049727;<0.955.0>;412;get;staging-lpa.service.dsd.io;/?autoTestKey=I5iOAmnnQaq5JPI8JHYcdXQPlI09bQnHoeAxb7xYjTe+FLPTVHZho3zK0mu41ouPmxLXJlZYi;502;10079;147.606;-;match_stop;;
1399555885.964102;<0.486.0>;188;post;staging-lpa.service.dsd.io;/create/add-donor;502;10079;34.942;-;match_stop;;
1399555886.051098;<0.834.0>;354;get;staging-lpa.service.dsd.io;/user/login;502;10079;37.951;-;match_stop;;
1399555886.145457;<0.763.0>;322;get;staging-lpa.service.dsd.io;/user/about-you;502;10079;55.301;-;match_stop;;
1399555886.165069;<0.222.0>;63;get;staging-lpa.service.dsd.io;/create/add-certificate-provider;502;10079;23.884;-;match_stop;;
1399555886.166;<0.144.0>;25;get;staging-lpa.service.dsd.io;/create/people-to-be-told;502;10079;23.872;-;match_stop;;
1399555886.390149;<0.196.0>;49;get;staging-lpa.service.dsd.io;/create/certificate-provider;502;10079;26.993;-;match_stop;;
1399555886.470419;<0.878.0>;377;get;staging-lpa.service.dsd.io;/activate/0869a5d5db0c649adc2c696500f6df58;502;10079;25.166;-;match_stop;;
1399555886.482475;<0.800.0>;339;get;staging-lpa.service.dsd.io;/user/login;502;10079;23.370;-;match_stop;;
1399555886.557638;<0.545.0>;218;get;staging-lpa.service.dsd.io;/address/lookup?addressid=23911113;502;10079;28.473;-;match_stop;;
1399555887.018064;<0.425.0>;159;get;staging-lpa.service.dsd.io;/create/donor;502;10079;28.914;-;match_stop;;
1399555894.081107;<0.918.0>;396;post;staging-lpa.service.dsd.io;/user/register;502;10079;23.721;-;match_stop;;
1399555899.191115;<0.515.0>;202;get;staging-lpa.service.dsd.io;/create/donor;502;10079;25.006;-;match_stop;;
1399555899.245219;<0.813.0>;346;post;staging-lpa.service.dsd.io;/user/login;502;10079;24.066;-;match_stop;;
1399555899.377885;<0.976.0>;423;get;staging-lpa.service.dsd.io;/?autoTestKey=I5iOAmnnQaq5JPI8JHYcdXQPlI09bQnHoeAxb7xYjTe+FLPTVHZho3zK0mu41ouPmxLXJlZYi;502;10079;149.775;-;match_stop;;
1399555899.385222;<0.911.0>;392;post;staging-lpa.service.dsd.io;/user/register;502;10079;25.881;-;match_stop;;
1399555900.15755;<0.932.0>;401;get;staging-lpa.service.dsd.io;/user/register;502;10079;25.402;-;match_stop;;
1399555900.208918;<0.333.0>;114;post;staging-lpa.service.dsd.io;/create/add-attorney;502;10079;24.757;-;match_stop;;
1399555900.231743;<0.604.0>;245;get;staging-lpa.service.dsd.io;/postcode/lookup?postcode=SW10+9LB;502;10079;28.662;-;match_stop;;
1399555900.244373;<0.889.0>;381;get;staging-lpa.service.dsd.io;/user/login;502;10079;27.294;-;match_stop;;
1399555900.314327;<0.796.0>;336;get;staging-lpa.service.dsd.io;/user/about-you;502;10079;27.158;-;match_stop;;
1399555900.31536;<0.659.0>;272;post;staging-lpa.service.dsd.io;/create/lpa-type;502;10079;28.187;-;match_stop;;
1399555900.334216;<0.970.0>;420;get;staging-lpa.service.dsd.io;/?autoTestKey=I5iOAmnnQaq5JPI8JHYcdXQPlI09bQnHoeAxb7xYjTe+FLPTVHZho3zK0mu41ouPmxLXJlZYi;502;10079;150.053;-;match_stop;;
1399555900.339113;<0.117.0>;13;get;staging-lpa.service.dsd.io;/create/add-notified-person;502;10079;23.032;-;match_stop;;
1399555905.774795;<0.748.0>;313;get;staging-lpa.service.dsd.io;/user/about-you;502;10079;25.674;-;match_stop;;
1399555907.155149;<0.913.0>;394;get;staging-lpa.service.dsd.io;/activate/70c87695ff044cf7f35332064045e093;502;10079;24.988;-;match_stop;;
1399555908.662178;<0.958.0>;413;get;staging-lpa.service.dsd.io;/user/register;502;10079;27.079;-;match_stop;;
1399555908.690038;<0.1011.0>;439;get;staging-lpa.service.dsd.io;/?autoTestKey=I5iOAmnnQaq5JPI8JHYcdXQPlI09bQnHoeAxb7xYjTe+FLPTVHZho3zK0mu41ouPmxLXJlZYi;502;10079;167.932;-;match_stop;;
1399555909.055435;<0.388.0>;143;get;staging-lpa.service.dsd.io;/create/attorneys;502;10079;24.312;-;match_stop;;
1399555909.205746;<0.371.0>;133;get;staging-lpa.service.dsd.io;/create/add-attorney;502;10079;23.556;-;match_stop;;
1399555909.207596;<0.1009.0>;438;get;staging-lpa.service.dsd.io;/?autoTestKey=I5iOAmnnQaq5JPI8JHYcdXQPlI09bQnHoeAxb7xYjTe+FLPTVHZho3zK0mu41ouPmxLXJlZYi;502;10079;155.514;-;match_stop;;
1399555909.360846;<0.972.0>;422;get;staging-lpa.service.dsd.io;/user/register;502;10079;24.755;-;match_stop;;
1399555909.504095;<0.215.0>;59;get;staging-lpa.service.dsd.io;/pdf/draft/Lasting-Power-of-Attorney-Draft.pdf;502;10079;24.970;-;match_stop;;
1399555920.120013;<0.959.0>;414;get;staging-lpa.service.dsd.io;/activate/7b69d7e4ca09902c9bed012c4f7e6a25;502;10079;23.788;-;match_stop;;
1399555920.706038;<0.198.0>;50;post;staging-lpa.service.dsd.io;/create/add-replacement-attorney;502;10079;24.931;-;match_stop;;
1399555920.880546;<0.919.0>;397;get;staging-lpa.service.dsd.io;/user/login;502;10079;23.425;-;match_stop;;
1399555920.952151;<0.766.0>;323;get;staging-lpa.service.dsd.io;/create/lpa-type;502;10079;29.052;-;match_stop;;
1399555921.391158;<0.311.0>;106;get;staging-lpa.service.dsd.io;/pdf/draft/Lasting-Power-of-Attorney-Draft.pdf;502;10079;25.061;-;match_stop;;
1399555921.509854;<0.1016.0>;441;get;staging-lpa.service.dsd.io;/user/register;502;10079;23.637;-;match_stop;;
1399555921.69357;<0.249.0>;75;get;staging-lpa.service.dsd.io;/pdf/draft/Lasting-Power-of-Attorney-Draft.pdf;502;10079;23.427;-;match_stop;;
1399555921.72659;<0.620.0>;252;get;staging-lpa.service.dsd.io;/address/lookup?addressid=23911113;502;10079;26.470;-;match_stop;;
1399555922.262701;<0.847.0>;360;post;staging-lpa.service.dsd.io;/user/login;502;10079;26.547;-;match_stop;;
1399555922.274302;<0.577.0>;231;get;staging-lpa.service.dsd.io;/address/lookup?addressid=23911113;502;10079;26.199;-;match_stop;;
1399555922.349196;<0.304.0>;103;get;staging-lpa.service.dsd.io;/postcode/lookup?postcode=SW10+9LB;502;10079;25.086;-;match_stop;;
1399555923.016121;<0.365.0>;130;get;staging-lpa.service.dsd.io;/postcode/lookup?postcode=SW10+9LB;502;10079;24.950;-;match_stop;;
1399555923.021154;<0.753.0>;317;post;staging-lpa.service.dsd.io;/create/lpa-type;502;10079;23.001;-;match_stop;;
1399555923.025035;<0.300.0>;100;get;staging-lpa.service.dsd.io;/pdf/draft/Lasting-Power-of-Attorney-Draft.pdf;502;10079;25.913;-;match_stop;;
1399555923.040153;<0.987.0>;428;get;staging-lpa.service.dsd.io;/user/register;502;10079;23.198;-;match_stop;;
1399555923.984433;<0.504.0>;197;post;staging-lpa.service.dsd.io;/create/add-donor;502;10079;27.215;-;match_stop;;
1399555924.397998;<0.689.0>;285;get;staging-lpa.service.dsd.io;/postcode/lookup?postcode=SW10+9LB;502;10079;23.884;-;match_stop;;
1399555924.405716;<0.1040.0>;455;get;staging-lpa.service.dsd.io;/?autoTestKey=I5iOAmnnQaq5JPI8JHYcdXQPlI09bQnHoeAxb7xYjTe+FLPTVHZho3zK0mu41ouPmxLXJlZYi;502;10079;157.624;-;match_stop;;
1399555924.429753;<0.243.0>;72;get;staging-lpa.service.dsd.io;/address/lookup?addressid=23911113;502;10079;26.670;-;match_stop;;
1399555925.814183;<0.271.0>;87;get;staging-lpa.service.dsd.io;/create/replacement-attorneys;502;10079;24.806;-;match_stop;;
1399555925.989736;<0.336.0>;117;post;staging-lpa.service.dsd.io;/create/add-attorney;502;10079;25.850;-;match_stop;;
1399555933.325073;<0.647.0>;265;get;staging-lpa.service.dsd.io;/create/add-donor;502;10079;25.949;-;match_stop;;
1399555933.430728;<0.816.0>;347;get;staging-lpa.service.dsd.io;/create/lpa-type;502;10079;24.612;-;match_stop;;
1399555933.450221;<0.947.0>;408;get;staging-lpa.service.dsd.io;/user/login;502;10079;26.104;-;match_stop;;
1399555933.453353;<0.693.0>;286;get;staging-lpa.service.dsd.io;/create/add-donor;502;10079;27.258;-;match_stop;;
1399555945.650208;<0.773.0>;326;get;staging-lpa.service.dsd.io;/create/add-donor;502;10079;29.008;-;match_stop;;
1399555945.730436;<0.1032.0>;451;post;staging-lpa.service.dsd.io;/user/register;502;10079;26.131;-;match_stop;;
1399555945.760073;<0.248.0>;74;post;staging-lpa.service.dsd.io;/create/add-replacement-attorney;502;10079;24.965;-;match_stop;;
1399555945.924144;<0.181.0>;43;get;staging-lpa.service.dsd.io;/create/add-notified-person;502;10079;26.010;-;match_stop;;
1399555946.111399;<0.950.0>;410;post;staging-lpa.service.dsd.io;/user/login;502;10079;26.161;-;match_stop;;
1399555946.11498;<0.909.0>;391;get;staging-lpa.service.dsd.io;/user/about-you;502;10079;22.876;-;match_stop;;
1399555946.118027;<0.396.0>;145;get;staging-lpa.service.dsd.io;/postcode/lookup?postcode=SW10+9LB;502;10079;23.950;-;match_stop;;
1399555946.131269;<0.195.0>;48;get;staging-lpa.service.dsd.io;/address/lookup?addressid=23911113;502;10079;25.191;-;match_stop;;
1399555948.032073;<0.619.0>;251;get;staging-lpa.service.dsd.io;/address/lookup?addressid=23911113;502;10079;24.919;-;match_stop;;
1399555948.121234;<0.850.0>;362;get;staging-lpa.service.dsd.io;/create/lpa-type;502;10079;26.090;-;match_stop;;
1399555948.210322;<0.490.0>;191;get;staging-lpa.service.dsd.io;/create/when-to-use;502;10079;23.724;-;match_stop;;
1399555948.661615;<0.1081.0>;473;get;staging-lpa.service.dsd.io;/?autoTestKey=I5iOAmnnQaq5JPI8JHYcdXQPlI09bQnHoeAxb7xYjTe+FLPTVHZho3zK0mu41ouPmxLXJlZYi;502;10079;175.457;-;match_stop;;
1399555953.924922;<0.191.0>;47;get;staging-lpa.service.dsd.io;/create/certificate-provider;502;10079;25.845;-;match_stop;;
1399555953.976805;<0.1080.0>;472;get;staging-lpa.service.dsd.io;/?autoTestKey=I5iOAmnnQaq5JPI8JHYcdXQPlI09bQnHoeAxb7xYjTe+FLPTVHZho3zK0mu41ouPmxLXJlZYi;502;10079;154.692;-;match_stop;;
1399555953.979135;<0.1048.0>;457;post;staging-lpa.service.dsd.io;/user/register;502;10079;24.832;-;match_stop;;
1399555953.981619;<0.286.0>;95;post;staging-lpa.service.dsd.io;/create/add-replacement-attorney;502;10079;25.530;-;match_stop;;
1399555954.951825;<0.464.0>;178;get;staging-lpa.service.dsd.io;/create/attorneys;502;10079;24.686;-;match_stop;;
1399555969.707672;<0.967.0>;418;post;staging-lpa.service.dsd.io;/user/login;502;10079;24.450;-;match_stop;;
1399555969.8166;<0.184.0>;45;post;staging-lpa.service.dsd.io;/create/certificate-provider;502;10079;26.412;-;match_stop;;
1399555969.846848;<0.869.0>;372;post;staging-lpa.service.dsd.io;/create/lpa-type;502;10079;23.710;-;match_stop;;
1399555969.887968;<0.985.0>;426;get;staging-lpa.service.dsd.io;/user/login;502;10079;28.857;-;match_stop;;
1399555971.396138;<0.1123.0>;491;get;staging-lpa.service.dsd.io;/?autoTestKey=I5iOAmnnQaq5JPI8JHYcdXQPlI09bQnHoeAxb7xYjTe+FLPTVHZho3zK0mu41ouPmxLXJlZYi;502;10079;161.038;-;match_stop;;
1399555971.457094;<0.170.0>;39;get;staging-lpa.service.dsd.io;/create/certificate-provider;502;10079;24.991;-;match_stop;;
1399555971.488753;<0.903.0>;388;get;staging-lpa.service.dsd.io;/create/lpa-type;502;10079;23.656;-;match_stop;;
1399555971.693183;<0.991.0>;430;post;staging-lpa.service.dsd.io;/user/login;502;10079;24.994;-;match_stop;;
1399555971.758312;<0.1130.0>;495;get;staging-lpa.service.dsd.io;/?autoTestKey=I5iOAmnnQaq5JPI8JHYcdXQPlI09bQnHoeAxb7xYjTe+FLPTVHZho3zK0mu41ouPmxLXJlZYi;502;10079;154.201;-;match_stop;;
1399555971.811074;<0.986.0>;427;get;staging-lpa.service.dsd.io;/user/about-you;502;10079;23.989;-;match_stop;;
1399555971.878049;<0.962.0>;415;post;staging-lpa.service.dsd.io;/user/login;502;10079;24.916;-;match_stop;;
1399555972.069872;<0.1136.0>;498;get;staging-lpa.service.dsd.io;/?autoTestKey=I5iOAmnnQaq5JPI8JHYcdXQPlI09bQnHoeAxb7xYjTe+FLPTVHZho3zK0mu41ouPmxLXJlZYi;502;10079;155.758;-;match_stop;;
1399555975.755997;<0.1140.0>;501;get;staging-lpa.service.dsd.io;/?autoTestKey=I5iOAmnnQaq5JPI8JHYcdXQPlI09bQnHoeAxb7xYjTe+FLPTVHZho3zK0mu41ouPmxLXJlZYi;502;10079;160.889;-;match_stop;;
1399555975.763234;<0.1113.0>;488;get;staging-lpa.service.dsd.io;/user/register;502;10079;26.148;-;match_stop;;
1399555978.209266;<0.1024.0>;445;get;staging-lpa.service.dsd.io;/activate/90601cdc8be01196e8e13ab46019ab2e;502;10079;23.980;-;match_stop;;
1399555980.784467;<0.772.0>;325;get;staging-lpa.service.dsd.io;/create/add-donor;502;10079;24.357;-;match_stop;;
1399555980.800966;<0.971.0>;421;post;staging-lpa.service.dsd.io;/user/about-you;502;10079;24.843;-;match_stop;;
1399555980.961394;<0.1129.0>;494;get;staging-lpa.service.dsd.io;/user/register;502;10079;26.234;-;match_stop;;
1399555983.165363;<0.1076.0>;469;get;staging-lpa.service.dsd.io;/activate/dbbcf26ef8adf83a721b18a35c7f69b8;502;10079;25.171;-;match_stop;;
1399555983.202716;<0.145.0>;26;get;staging-lpa.service.dsd.io;/create/review;502;10079;24.577;-;match_stop;;
1399555983.361408;<0.798.0>;338;get;staging-lpa.service.dsd.io;/postcode/lookup?postcode=SW10+9LB;502;10079;23.226;-;match_stop;;
1399555983.393877;<0.530.0>;211;get;staging-lpa.service.dsd.io;/create/add-attorney;502;10079;24.785;-;match_stop;;
1399555983.440253;<0.429.0>;162;post;staging-lpa.service.dsd.io;/create/add-attorney;502;10079;22.136;-;match_stop;;
1399555984.687262;<0.209.0>;55;post;staging-lpa.service.dsd.io;/create/add-certificate-provider;502;10079;24.952;-;match_stop;;
1399555984.734893;<0.806.0>;343;get;staging-lpa.service.dsd.io;/create/add-donor;502;10079;23.704;-;match_stop;;
1399555991.424793;<0.941.0>;405;post;staging-lpa.service.dsd.io;/create/lpa-type;502;10079;27.582;-;match_stop;;
1399555991.432117;<0.1126.0>;493;post;staging-lpa.service.dsd.io;/user/register;502;10079;24.819;-;match_stop;;
1399555992.033707;<0.540.0>;215;get;staging-lpa.service.dsd.io;/postcode/lookup?postcode=SW10+9LB;502;10079;24.592;-;match_stop;;
1399555999.328995;<0.109.0>;9;post;staging-lpa.service.dsd.io;/create/review;502;10079;23.848;-;match_stop;;
1399555999.366116;<0.614.0>;249;get;staging-lpa.service.dsd.io;/create/donor;502;10079;27.991;-;match_stop;;
1399555999.386275;<0.413.0>;154;get;staging-lpa.service.dsd.io;/create/attorneys;502;10079;27.115;-;match_stop;;
1399555999.441776;<0.946.0>;407;post;staging-lpa.service.dsd.io;/user/about-you;502;10079;24.634;-;match_stop;;
1399555999.45862;<0.1078.0>;471;get;staging-lpa.service.dsd.io;/activate/27eae9304160b57f1dba4e31e4ada378;502;10079;32.485;-;match_stop;;
1399556000.833298;<0.945.0>;406;get;staging-lpa.service.dsd.io;/create/lpa-type;502;10079;25.128;-;match_stop;;
1399556000.841895;<0.389.0>;144;post;staging-lpa.service.dsd.io;/create/add-attorney;502;10079;22.773;-;match_stop;;
1399556001.842384;<0.885.0>;380;get;staging-lpa.service.dsd.io;/create/add-donor;502;10079;24.281;-;match_stop;;
1399556001.999618;<0.1182.0>;521;get;staging-lpa.service.dsd.io;/?autoTestKey=I5iOAmnnQaq5JPI8JHYcdXQPlI09bQnHoeAxb7xYjTe+FLPTVHZho3zK0mu41ouPmxLXJlZYi;502;10079;154.518;-;match_stop;;
1399556002.023905;<0.893.0>;382;post;staging-lpa.service.dsd.io;/create/lpa-type;502;10079;24.774;-;match_stop;;
1399556002.15223;<0.873.0>;373;get;staging-lpa.service.dsd.io;/create/add-donor;502;10079;25.051;-;match_stop;;
1399556002.157192;<0.108.0>;8;get;staging-lpa.service.dsd.io;/create/people-to-be-told;502;10079;29.116;-;match_stop;;
1399556002.34314;<0.900.0>;386;get;staging-lpa.service.dsd.io;/create/lpa-type;502;10079;28.965;-;match_stop;;
1399556002.367185;<0.1158.0>;509;get;staging-lpa.service.dsd.io;/user/register;502;10079;23.080;-;match_stop;;
1399556002.402342;<0.965.0>;416;get;staging-lpa.service.dsd.io;/create/lpa-type;502;10079;24.248;-;match_stop;;
1399556002.427158;<0.349.0>;123;get;staging-lpa.service.dsd.io;/postcode/lookup?postcode=SW10+9LB;502;10079;24.268;-;match_stop;;
1399556011.094094;<0.1096.0>;480;get;staging-lpa.service.dsd.io;/user/login;502;10079;24.906;-;match_stop;;
1399556011.163419;<0.1028.0>;449;get;staging-lpa.service.dsd.io;/user/about-you;502;10079;25.177;-;match_stop;;
1399556011.166793;<0.837.0>;356;get;staging-lpa.service.dsd.io;/address/lookup?addressid=23911113;502;10079;22.678;-;match_stop;;
1399556011.222683;<0.928.0>;399;get;staging-lpa.service.dsd.io;/create/lpa-type;502;10079;26.526;-;match_stop;;
1399556012.457143;<0.115.0>;12;post;staging-lpa.service.dsd.io;/create/review;502;10079;24.975;-;match_stop;;
1399556012.570722;<0.1068.0>;467;get;staging-lpa.service.dsd.io;/user/about-you;502;10079;23.548;-;match_stop;;
1399556012.589719;<0.236.0>;69;get;staging-lpa.service.dsd.io;/address/lookup?addressid=23911113;502;10079;24.621;-;match_stop;;
1399556012.68287;<0.929.0>;400;get;staging-lpa.service.dsd.io;/create/add-donor;502;10079;27.745;-;match_stop;;
1399556012.781161;<0.1152.0>;506;post;staging-lpa.service.dsd.io;/user/register;502;10079;24.841;-;match_stop;;
1399556012.892569;<0.683.0>;282;get;staging-lpa.service.dsd.io;/create/when-to-use;502;10079;24.453;-;match_stop;;
1399556012.978323;<0.508.0>;199;post;staging-lpa.service.dsd.io;/create/add-attorney;502;10079;26.115;-;match_stop;;
1399556012.980344;<0.1066.0>;465;get;staging-lpa.service.dsd.io;/user/about-you;502;10079;28.114;-;match_stop;;
1399556013.026399;<0.1100.0>;482;get;staging-lpa.service.dsd.io;/user/login;502;10079;26.320;-;match_stop;;
1399556013.633755;<0.1038.0>;454;post;staging-lpa.service.dsd.io;/user/about-you;502;10079;23.612;-;match_stop;;
1399556013.831858;<0.1112.0>;487;get;staging-lpa.service.dsd.io;/activate/c74dd131c61032725e005aaceec635a6;502;10079;24.638;-;match_stop;;
1399556034.723378;<0.1055.0>;461;post;staging-lpa.service.dsd.io;/user/about-you;502;10079;26.202;-;match_stop;;
1399556034.878846;<0.1145.0>;502;get;staging-lpa.service.dsd.io;/user/login;502;10079;25.690;-;match_stop;;
1399556034.907614;<0.1238.0>;547;get;staging-lpa.service.dsd.io;/?autoTestKey=I5iOAmnnQaq5JPI8JHYcdXQPlI09bQnHoeAxb7xYjTe+FLPTVHZho3zK0mu41ouPmxLXJlZYi;502;10079;159.470;-;match_stop;;
1399556035.321218;<0.1175.0>;516;post;staging-lpa.service.dsd.io;/user/register;502;10079;25.966;-;match_stop;;
1399556035.888603;<0.210.0>;56;get;staging-lpa.service.dsd.io;/create/certificate-provider;502;10079;29.484;-;match_stop;;
1399556035.937831;<0.1225.0>;541;get;staging-lpa.service.dsd.io;/user/register;502;10079;23.713;-;match_stop;;
1399556035.9966;<0.1252.0>;554;get;staging-lpa.service.dsd.io;/?autoTestKey=I5iOAmnnQaq5JPI8JHYcdXQPlI09bQnHoeAxb7xYjTe+FLPTVHZho3zK0mu41ouPmxLXJlZYi;502;10079;148.468;-;match_stop;;
1399556036.697643;<0.276.0>;89;get;staging-lpa.service.dsd.io;/postcode/lookup?postcode=SW10+9LB;502;10079;24.542;-;match_stop;;
1399556036.712896;<0.1206.0>;530;get;staging-lpa.service.dsd.io;/user/register;502;10079;23.817;-;match_stop;;
1399556036.804982;<0.1229.0>;542;get;staging-lpa.service.dsd.io;/user/register;502;10079;25.865;-;match_stop;;
1399556036.829817;<0.1030.0>;450;get;staging-lpa.service.dsd.io;/create/lpa-type;502;10079;27.724;-;match_stop;;
1399556037.024943;<0.221.0>;62;get;staging-lpa.service.dsd.io;/postcode/lookup?postcode=SW10+9LB;502;10079;24.808;-;match_stop;;
1399556037.079469;<0.853.0>;364;get;staging-lpa.service.dsd.io;/address/lookup?addressid=23911113;502;10079;23.351;-;match_stop;;
1399556038.683901;<0.1255.0>;555;get;staging-lpa.service.dsd.io;/?autoTestKey=I5iOAmnnQaq5JPI8JHYcdXQPlI09bQnHoeAxb7xYjTe+FLPTVHZho3zK0mu41ouPmxLXJlZYi;502;10079;238.794;-;match_stop;;
1399556039.793752;<0.935.0>;403;get;staging-lpa.service.dsd.io;/create/add-donor;502;10079;22.555;-;match_stop;;
1399556039.850376;<0.907.0>;390;post;staging-lpa.service.dsd.io;/create/lpa-type;502;10079;25.193;-;match_stop;;
1399556039.898914;<0.1215.0>;535;get;staging-lpa.service.dsd.io;/user/register;502;10079;25.767;-;match_stop;;
1399556039.90663;<0.1021.0>;443;get;staging-lpa.service.dsd.io;/create/lpa-type;502;10079;24.537;-;match_stop;;
1399556039.966327;<0.519.0>;204;get;staging-lpa.service.dsd.io;/postcode/lookup?postcode=SW10+9LB;502;10079;24.177;-;match_stop;;
1399556039.97457;<0.601.0>;244;get;staging-lpa.service.dsd.io;/postcode/lookup?postcode=SW10+9LB;502;10079;26.488;-;match_stop;;
1399556039.97511;<0.1034.0>;453;get;staging-lpa.service.dsd.io;/create/lpa-type;502;10079;26.007;-;match_stop;;
1399556039.988641;<0.1132.0>;496;post;staging-lpa.service.dsd.io;/user/login;502;10079;24.429;-;match_stop;;
1399556041.672223;<0.463.0>;177;get;staging-lpa.service.dsd.io;/pdf/draft/Lasting-Power-of-Attorney-Draft.pdf;502;10079;24.007;-;match_stop;;
1399556041.807009;<0.1239.0>;548;get;staging-lpa.service.dsd.io;/user/register;502;10079;24.819;-;match_stop;;
1399556043.136594;<0.1237.0>;546;get;staging-lpa.service.dsd.io;/user/register;502;10079;23.460;-;match_stop;;
1399556043.685249;<0.851.0>;363;post;staging-lpa.service.dsd.io;/create/add-donor;502;10079;27.083;-;match_stop;;
1399556043.718742;<0.1022.0>;444;post;staging-lpa.service.dsd.io;/create/lpa-type;502;10079;24.623;-;match_stop;;
1399556045.008222;<0.351.0>;124;get;staging-lpa.service.dsd.io;/create/replacement-attorneys;502;10079;28.988;-;match_stop;;
1399556045.014309;<0.1003.0>;436;get;staging-lpa.service.dsd.io;/create/add-donor;502;10079;23.174;-;match_stop;;
1399556045.059036;<0.1067.0>;466;get;staging-lpa.service.dsd.io;/create/lpa-type;502;10079;24.897;-;match_stop;;
1399556045.602804;<0.1093.0>;479;post;staging-lpa.service.dsd.io;/user/about-you;502;10079;26.582;-;match_stop;;
1399556045.786963;<0.760.0>;320;get;staging-lpa.service.dsd.io;/create/when-to-use;502;10079;23.801;-;match_stop;;
1399556046.244834;<0.474.0>;182;get;staging-lpa.service.dsd.io;/pdf/draft/Lasting-Power-of-Attorney-Draft.pdf;502;10079;24.711;-;match_stop;;
1399556064.903949;<0.735.0>;307;get;staging-lpa.service.dsd.io;/create/when-to-use;502;10079;24.787;-;match_stop;;
1399556065.104082;<0.1192.0>;524;get;staging-lpa.service.dsd.io;/activate/e71c4e179f124409000f676a3e1be458;502;10079;26.861;-;match_stop;;
1399556066.16855;<0.1190.0>;523;get;staging-lpa.service.dsd.io;/user/login;502;10079;29.385;-;match_stop;;
1399556067.988119;<0.1101.0>;483;get;staging-lpa.service.dsd.io;/create/lpa-type;502;10079;24.966;-;match_stop;;
1399556068.268054;<0.1054.0>;460;post;staging-lpa.service.dsd.io;/create/lpa-type;502;10079;49.910;-;match_stop;;
1399556068.325461;<0.1281.0>;567;get;staging-lpa.service.dsd.io;/user/register;502;10079;60.328;-;match_stop;;
1399556068.824211;<0.1232.0>;545;get;staging-lpa.service.dsd.io;/activate/e732692c542a0ad27651f174da9b69c3;502;10079;25.007;-;match_stop;;
1399556068.858019;<0.1264.0>;560;post;staging-lpa.service.dsd.io;/user/register;502;10079;28.763;-;match_stop;;
1399556069.230564;<0.1139.0>;500;post;staging-lpa.service.dsd.io;/user/login;502;10079;24.380;-;match_stop;;
1399556069.243676;<0.347.0>;121;get;staging-lpa.service.dsd.io;/create/add-certificate-provider;502;10079;24.601;-;match_stop;;
1399556069.279151;<0.1134.0>;497;post;staging-lpa.service.dsd.io;/user/about-you;502;10079;25.991;-;match_stop;;
1399556069.297496;<0.628.0>;256;get;staging-lpa.service.dsd.io;/address/lookup?addressid=23911113;502;10079;26.377;-;match_stop;;
1399556069.400372;<0.1059.0>;463;post;staging-lpa.service.dsd.io;/create/lpa-type;502;10079;25.196;-;match_stop;;
1399556069.509709;<0.159.0>;33;get;staging-lpa.service.dsd.io;/create/review;502;10079;25.587;-;match_stop;;
1399556069.566526;<0.1165.0>;512;get;staging-lpa.service.dsd.io;/user/login;502;10079;24.419;-;match_stop;;
1399556069.743154;<0.1083.0>;474;get;staging-lpa.service.dsd.io;/create/lpa-type;502;10079;25.003;-;match_stop;;
1399556070.251026;<0.714.0>;296;get;staging-lpa.service.dsd.io;/create/add-attorney;502;10079;22.888;-;match_stop;;
1399556070.356676;<0.1125.0>;492;get;staging-lpa.service.dsd.io;/create/lpa-type;502;10079;42.551;-;match_stop;;
1399556070.358928;<0.1295.0>;574;get;staging-lpa.service.dsd.io;/user/register;502;10079;43.846;-;match_stop;;
1399556072.078631;<0.734.0>;306;get;staging-lpa.service.dsd.io;/create/donor;502;10079;23.515;-;match_stop;;
1399556072.2945;<0.1108.0>;486;get;staging-lpa.service.dsd.io;/create/lpa-type;502;10079;25.374;-;match_stop;;
1399556072.324226;<0.230.0>;66;get;staging-lpa.service.dsd.io;/create/certificate-provider;502;10079;23.104;-;match_stop;;
1399556072.360847;<0.1324.0>;587;get;staging-lpa.service.dsd.io;/?autoTestKey=I5iOAmnnQaq5JPI8JHYcdXQPlI09bQnHoeAxb7xYjTe+FLPTVHZho3zK0mu41ouPmxLXJlZYi;502;10079;156.721;-;match_stop;;
1399556072.40697;<0.1274.0>;564;post;staging-lpa.service.dsd.io;/user/register;502;10079;26.655;-;match_stop;;
1399556072.638016;<0.775.0>;328;get;staging-lpa.service.dsd.io;/create/attorneys;502;10079;30.720;-;match_stop;;
1399556072.67822;<0.315.0>;107;get;staging-lpa.service.dsd.io;/postcode/lookup?postcode=SW10+9LB;502;10079;25.069;-;match_stop;;
1399556072.744211;<0.1104.0>;484;get;staging-lpa.service.dsd.io;/create/lpa-type;502;10079;28.055;-;match_stop;;
1399556072.795726;<0.1327.0>;589;get;staging-lpa.service.dsd.io;/?autoTestKey=I5iOAmnnQaq5JPI8JHYcdXQPlI09bQnHoeAxb7xYjTe+FLPTVHZho3zK0mu41ouPmxLXJlZYi;502;10079;160.604;-;match_stop;;
1399556072.839906;<0.906.0>;389;get;staging-lpa.service.dsd.io;/address/lookup?addressid=23911113;502;10079;24.736;-;match_stop;;
1399556083.161201;<0.977.0>;424;get;staging-lpa.service.dsd.io;/create/add-donor;502;10079;26.080;-;match_stop;;
1399556083.250609;<0.846.0>;359;get;staging-lpa.service.dsd.io;/create/donor;502;10079;23.507;-;match_stop;;
1399556083.556834;<0.747.0>;312;get;staging-lpa.service.dsd.io;/create/attorneys;502;10079;24.666;-;match_stop;;
1399556083.619713;<0.1211.0>;533;get;staging-lpa.service.dsd.io;/user/login;502;10079;23.576;-;match_stop;;
1399556083.757579;<0.1051.0>;459;get;staging-lpa.service.dsd.io;/create/add-donor;502;10079;28.444;-;match_stop;;
1399556083.784092;<0.860.0>;368;post;staging-lpa.service.dsd.io;/create/add-donor;502;10079;27.884;-;match_stop;;
1399556084.293476;<0.1176.0>;517;get;staging-lpa.service.dsd.io;/user/about-you;502;10079;26.327;-;match_stop;;
1399556085.379746;<0.1000.0>;434;get;staging-lpa.service.dsd.io;/postcode/lookup?postcode=SW10+9LB;502;10079;23.576;-;match_stop;;
1399556086.074094;<0.1353.0>;601;get;staging-lpa.service.dsd.io;/?autoTestKey=I5iOAmnnQaq5JPI8JHYcdXQPlI09bQnHoeAxb7xYjTe+FLPTVHZho3zK0mu41ouPmxLXJlZYi;502;10079;152.972;-;match_stop;;
1399556086.149015;<0.1354.0>;602;get;staging-lpa.service.dsd.io;/?autoTestKey=I5iOAmnnQaq5JPI8JHYcdXQPlI09bQnHoeAxb7xYjTe+FLPTVHZho3zK0mu41ouPmxLXJlZYi;502;10079;145.874;-;match_stop;;
1399556086.153046;<0.1188.0>;522;get;staging-lpa.service.dsd.io;/user/about-you;502;10079;22.851;-;match_stop;;
1399556086.255975;<0.1033.0>;452;get;staging-lpa.service.dsd.io;/create/add-donor;502;10079;24.819;-;match_stop;;
1399556086.294991;<0.1002.0>;435;get;staging-lpa.service.dsd.io;/create/add-donor;502;10079;24.900;-;match_stop;;
1399556086.430232;<0.1077.0>;470;post;staging-lpa.service.dsd.io;/create/lpa-type;502;10079;25.042;-;match_stop;;
1399556086.493257;<0.437.0>;166;get;staging-lpa.service.dsd.io;/address/lookup?addressid=23911113;502;10079;25.088;-;match_stop;;
1399556086.547995;<0.876.0>;375;post;staging-lpa.service.dsd.io;/create/add-donor;502;10079;22.790;-;match_stop;;
1399556086.97212;<0.216.0>;60;get;staging-lpa.service.dsd.io;/create/people-to-be-told;502;10079;25.024;-;match_stop;;
1399556087.018654;<0.380.0>;139;get;staging-lpa.service.dsd.io;/pdf/draft/Lasting-Power-of-Attorney-Draft.pdf;502;10079;23.517;-;match_stop;;
1399556101.547778;<0.1248.0>;552;post;staging-lpa.service.dsd.io;/user/login;502;10079;25.615;-;match_stop;;
1399556101.548466;<0.709.0>;294;post;staging-lpa.service.dsd.io;/create/add-attorney;502;10079;28.311;-;match_stop;;
1399556101.596033;<0.1159.0>;510;post;staging-lpa.service.dsd.io;/user/about-you;502;10079;24.895;-;match_stop;;
1399556102.375397;<0.997.0>;433;get;staging-lpa.service.dsd.io;/address/lookup?addressid=23911113;502;10079;24.259;-;match_stop;;
1399556102.415466;<0.1092.0>;478;get;staging-lpa.service.dsd.io;/create/add-donor;502;10079;24.432;-;match_stop;;
1399556102.489022;<0.719.0>;299;get;staging-lpa.service.dsd.io;/create/add-attorney;502;10079;23.866;-;match_stop;;
1399556102.492517;<0.1351.0>;600;get;staging-lpa.service.dsd.io;/?autoTestKey=I5iOAmnnQaq5JPI8JHYcdXQPlI09bQnHoeAxb7xYjTe+FLPTVHZho3zK0mu41ouPmxLXJlZYi;502;10079;148.408;-;match_stop;;
1399556102.587229;<0.1301.0>;576;get;staging-lpa.service.dsd.io;/activate/de96fb8b862b3176639c7336ae5fd821;502;10079;25.005;-;match_stop;;
1399556102.658257;<0.1343.0>;597;post;staging-lpa.service.dsd.io;/user/register;502;10079;25.931;-;match_stop;;
1399556102.700831;<0.256.0>;80;post;staging-lpa.service.dsd.io;/create/certificate-provider;502;10079;28.670;-;match_stop;;
1399556102.878379;<0.1373.0>;612;get;staging-lpa.service.dsd.io;/user/register;502;10079;23.246;-;match_stop;;
1399556103.050623;<0.1207.0>;531;get;staging-lpa.service.dsd.io;/user/about-you;502;10079;26.525;-;match_stop;;
1399556116.140963;<0.1262.0>;559;post;staging-lpa.service.dsd.io;/user/login;502;10079;28.803;-;match_stop;;
1399556116.179425;<0.1412.0>;629;get;staging-lpa.service.dsd.io;/?autoTestKey=I5iOAmnnQaq5JPI8JHYcdXQPlI09bQnHoeAxb7xYjTe+FLPTVHZho3zK0mu41ouPmxLXJlZYi;502;10079;191.290;-;match_stop;;
1399556116.621757;<0.357.0>;127;get;staging-lpa.service.dsd.io;/create/certificate-provider;502;10079;24.649;-;match_stop;;
1399556116.720965;<0.824.0>;352;get;staging-lpa.service.dsd.io;/create/add-attorney;502;10079;23.878;-;match_stop;;
1399556117.006178;<0.443.0>;168;post;staging-lpa.service.dsd.io;/create/add-replacement-attorney;502;10079;25.985;-;match_stop;;
1399556117.018004;<0.120.0>;14;post;staging-lpa.service.dsd.io;/register/applicant;502;10079;23.872;-;match_stop;;
1399556117.040681;<0.1154.0>;507;get;staging-lpa.service.dsd.io;/create/lpa-type;502;10079;24.574;-;match_stop;;
1399556117.412985;<0.966.0>;417;get;staging-lpa.service.dsd.io;/create/donor;502;10079;28.821;-;match_stop;;
1399556117.740112;<0.1088.0>;476;get;staging-lpa.service.dsd.io;/create/add-donor;502;10079;25.027;-;match_stop;;
1399556125.424187;<0.1005.0>;437;post;staging-lpa.service.dsd.io;/create/add-donor;502;10079;26.017;-;match_stop;;
1399556125.581141;<0.1443.0>;646;get;staging-lpa.service.dsd.io;/?autoTestKey=I5iOAmnnQaq5JPI8JHYcdXQPlI09bQnHoeAxb7xYjTe+FLPTVHZho3zK0mu41ouPmxLXJlZYi;502;10079;145.010;-;match_stop;;
1399556126.291747;<0.1372.0>;611;post;staging-lpa.service.dsd.io;/user/register;502;10079;23.470;-;match_stop;;
1399556126.356005;<0.1285.0>;569;get;staging-lpa.service.dsd.io;/user/about-you;502;10079;23.877;-;match_stop;;
1399556126.423949;<0.1316.0>;584;post;staging-lpa.service.dsd.io;/user/login;502;10079;24.772;-;match_stop;;
1399556131.084912;<0.1378.0>;614;get;staging-lpa.service.dsd.io;/activate/9dbfd43e04717c89523120760a98d19c;502;10079;28.632;-;match_stop;;
1399556131.098077;<0.531.0>;212;get;staging-lpa.service.dsd.io;/postcode/lookup?postcode=SW10+9LB;502;10079;29.960;-;match_stop;;
1399556131.110561;<0.1194.0>;526;post;staging-lpa.service.dsd.io;/create/lpa-type;502;10079;27.387;-;match_stop;;
1399556131.175414;<0.629.0>;257;get;staging-lpa.service.dsd.io;/pdf/draft/Lasting-Power-of-Attorney-Draft.pdf;502;10079;25.242;-;match_stop;;
1399556131.429271;<0.1058.0>;462;post;staging-lpa.service.dsd.io;/create/add-donor;502;10079;27.093;-;match_stop;;
1399556131.526756;<0.1224.0>;540;get;staging-lpa.service.dsd.io;/create/lpa-type;502;10079;29.638;-;match_stop;;
1399556131.646981;<0.1463.0>;654;get;staging-lpa.service.dsd.io;/?autoTestKey=I5iOAmnnQaq5JPI8JHYcdXQPlI09bQnHoeAxb7xYjTe+FLPTVHZho3zK0mu41ouPmxLXJlZYi;502;10079;184.875;-;match_stop;;
1399556131.658298;<0.1466.0>;656;get;staging-lpa.service.dsd.io;/?autoTestKey=I5iOAmnnQaq5JPI8JHYcdXQPlI09bQnHoeAxb7xYjTe+FLPTVHZho3zK0mu41ouPmxLXJlZYi;502;10079;163.199;-;match_stop;;
1399556131.670903;<0.1105.0>;485;get;staging-lpa.service.dsd.io;/create/add-donor;502;10079;34.826;-;match_stop;;
1399556131.813789;<0.667.0>;275;get;staging-lpa.service.dsd.io;/pdf/draft/Lasting-Power-of-Attorney-Draft.pdf;502;10079;24.682;-;match_stop;;
1399556131.968883;<0.482.0>;186;get;staging-lpa.service.dsd.io;/address/lookup?addressid=23911113;502;10079;25.740;-;match_stop;;
1399556132.123763;<0.1397.0>;623;post;staging-lpa.service.dsd.io;/user/register;502;10079;26.440;-;match_stop;;
1399556132.219346;<0.756.0>;318;get;staging-lpa.service.dsd.io;/postcode/lookup?postcode=SW10+9LB;502;10079;24.187;-;match_stop;;
1399556132.289785;<0.1367.0>;608;get;staging-lpa.service.dsd.io;/activate/9969d4c4961c6be8d5f6778986268bd8;502;10079;26.601;-;match_stop;;
1399556132.307506;<0.1089.0>;477;get;staging-lpa.service.dsd.io;/address/lookup?addressid=23911113;502;10079;28.385;-;match_stop;;
1399556132.857103;<0.1242.0>;549;get;staging-lpa.service.dsd.io;/create/lpa-type;502;10079;24.986;-;match_stop;;
1399556135.464256;<0.523.0>;206;get;staging-lpa.service.dsd.io;/create/replacement-attorneys;502;10079;25.102;-;match_stop;;
1399556135.467758;<0.1350.0>;599;get;staging-lpa.service.dsd.io;/user/login;502;10079;24.659;-;match_stop;;
1399556135.518101;<0.777.0>;330;get;staging-lpa.service.dsd.io;/create/add-attorney;502;10079;24.976;-;match_stop;;
1399556135.663257;<0.187.0>;46;get;staging-lpa.service.dsd.io;/create/review;502;10079;25.139;-;match_stop;;
1399556135.818697;<0.1231.0>;544;get;staging-lpa.service.dsd.io;/create/lpa-type;502;10079;25.514;-;match_stop;;
1399556145.400302;<0.571.0>;229;get;staging-lpa.service.dsd.io;/address/lookup?addressid=23911113;502;10079;25.131;-;match_stop;;
1399556145.418968;<0.1334.0>;591;get;staging-lpa.service.dsd.io;/user/login;502;10079;24.849;-;match_stop;;
1399556145.499468;<0.1261.0>;558;get;staging-lpa.service.dsd.io;/user/about-you;502;10079;25.315;-;match_stop;;
1399556145.506273;<0.1169.0>;513;get;staging-lpa.service.dsd.io;/create/add-donor;502;10079;28.177;-;match_stop;;
1399556146.728115;<0.688.0>;284;get;staging-lpa.service.dsd.io;/create/attorneys;502;10079;23.989;-;match_stop;;
1399556146.781331;<0.1432.0>;641;post;staging-lpa.service.dsd.io;/user/register;502;10079;25.069;-;match_stop;;
1399556149.714158;<0.414.0>;155;get;staging-lpa.service.dsd.io;/create/add-certificate-provider;502;10079;26.016;-;match_stop;;
1399556150.040461;<0.1269.0>;562;get;staging-lpa.service.dsd.io;/create/lpa-type;502;10079;27.280;-;match_stop;;
1399556150.106059;<0.666.0>;274;get;staging-lpa.service.dsd.io;/create/attorneys;502;10079;24.926;-;match_stop;;
1399556150.108522;<0.1462.0>;653;get;staging-lpa.service.dsd.io;/user/register;502;10079;24.441;-;match_stop;;
1399556152.173261;<0.1489.0>;666;get;staging-lpa.service.dsd.io;/?autoTestKey=I5iOAmnnQaq5JPI8JHYcdXQPlI09bQnHoeAxb7xYjTe+FLPTVHZho3zK0mu41ouPmxLXJlZYi;502;10079;157.129;-;match_stop;;
1399556152.260102;<0.381.0>;140;get;staging-lpa.service.dsd.io;/postcode/lookup?postcode=SW10+9LB;502;10079;24.991;-;match_stop;;
1399556152.265533;<0.1504.0>;674;get;staging-lpa.service.dsd.io;/?autoTestKey=I5iOAmnnQaq5JPI8JHYcdXQPlI09bQnHoeAxb7xYjTe+FLPTVHZho3zK0mu41ouPmxLXJlZYi;502;10079;150.453;-;match_stop;;
1399556152.293675;<0.1490.0>;667;get;staging-lpa.service.dsd.io;/?autoTestKey=I5iOAmnnQaq5JPI8JHYcdXQPlI09bQnHoeAxb7xYjTe+FLPTVHZho3zK0mu41ouPmxLXJlZYi;502;10079;151.576;-;match_stop;;
1399556152.415355;<0.1496.0>;671;get;staging-lpa.service.dsd.io;/?autoTestKey=I5iOAmnnQaq5JPI8JHYcdXQPlI09bQnHoeAxb7xYjTe+FLPTVHZho3zK0mu41ouPmxLXJlZYi;502;10079;174.244;-;match_stop;;
1399556163.565183;<0.1315.0>;583;post;staging-lpa.service.dsd.io;/user/about-you;502;10079;29.043;-;match_stop;;
1399556163.593274;<0.1529.0>;687;get;staging-lpa.service.dsd.io;/?autoTestKey=I5iOAmnnQaq5JPI8JHYcdXQPlI09bQnHoeAxb7xYjTe+FLPTVHZho3zK0mu41ouPmxLXJlZYi;502;10079;146.137;-;match_stop;;
1399556163.655512;<0.1164.0>;511;get;staging-lpa.service.dsd.io;/create/add-donor;502;10079;22.340;-;match_stop;;
1399556163.748576;<0.778.0>;331;post;staging-lpa.service.dsd.io;/create/add-attorney;502;10079;24.482;-;match_stop;;
1399556164.088768;<0.582.0>;234;get;staging-lpa.service.dsd.io;/create/replacement-attorneys;502;10079;27.638;-;match_stop;;
1399556164.135411;<0.1509.0>;675;get;staging-lpa.service.dsd.io;/?autoTestKey=I5iOAmnnQaq5JPI8JHYcdXQPlI09bQnHoeAxb7xYjTe+FLPTVHZho3zK0mu41ouPmxLXJlZYi;502;10079;152.285;-;match_stop;;
1399556164.153842;<0.774.0>;327;get;staging-lpa.service.dsd.io;/create/attorneys;502;10079;23.737;-;match_stop;;
1399556164.177171;<0.1497.0>;672;get;staging-lpa.service.dsd.io;/user/register;502;10079;25.076;-;match_stop;;
1399556164.197175;<0.1383.0>;615;get;staging-lpa.service.dsd.io;/user/login;502;10079;27.056;-;match_stop;;
1399556164.61433;<0.1173.0>;515;get;staging-lpa.service.dsd.io;/postcode/lookup?postcode=SW10+9LB;502;10079;25.195;-;match_stop;;
1399556164.72377;<0.1277.0>;565;get;staging-lpa.service.dsd.io;/create/lpa-type;502;10079;30.634;-;match_stop;;
1399556164.860943;<0.1416.0>;632;get;staging-lpa.service.dsd.io;/user/login;502;10079;25.770;-;match_stop;;
1399556164.908534;<0.819.0>;350;get;staging-lpa.service.dsd.io;/address/lookup?addressid=23911113;502;10079;25.430;-;match_stop;;
1399556168.776256;<0.927.0>;398;get;staging-lpa.service.dsd.io;/create/add-attorney;502;10079;24.102;-;match_stop;;
1399556168.782765;<0.838.0>;357;get;staging-lpa.service.dsd.io;/address/lookup?addressid=23911113;502;10079;25.672;-;match_stop;;
1399556168.792533;<0.268.0>;84;get;staging-lpa.service.dsd.io;/postcode/lookup?postcode=SW10+9LB;502;10079;28.452;-;match_stop;;
1399556169.13754;<0.1420.0>;634;get;staging-lpa.service.dsd.io;/activate/3d2c6d192e88791bf50874c4745dc77f;502;10079;23.308;-;match_stop;;
1399556169.153243;<0.1521.0>;681;get;staging-lpa.service.dsd.io;/?autoTestKey=I5iOAmnnQaq5JPI8JHYcdXQPlI09bQnHoeAxb7xYjTe+FLPTVHZho3zK0mu41ouPmxLXJlZYi;502;10079;155.103;-;match_stop;;
1399556184.261619;<0.669.0>;277;get;staging-lpa.service.dsd.io;/create/attorneys;502;10079;24.503;-;match_stop;;
1399556184.264648;<0.1543.0>;693;get;staging-lpa.service.dsd.io;/user/register;502;10079;24.565;-;match_stop;;
1399556184.27948;<0.101.0>;4;post;staging-lpa.service.dsd.io;/register/notice-dates;502;10079;27.363;-;match_stop;;
1399556184.627505;<0.1444.0>;647;post;staging-lpa.service.dsd.io;/user/login;502;10079;25.248;-;match_stop;;
1399556184.957282;<0.1050.0>;458;get;staging-lpa.service.dsd.io;/create/donor;502;10079;25.172;-;match_stop;;
1399556185.360313;<0.822.0>;351;get;staging-lpa.service.dsd.io;/create/attorneys;502;10079;26.224;-;match_stop;;
1399556185.402724;<0.1265.0>;561;get;staging-lpa.service.dsd.io;/create/add-donor;502;10079;27.573;-;match_stop;;
1399556185.404366;<0.914.0>;395;get;staging-lpa.service.dsd.io;/postcode/lookup?postcode=SW10+9LB;502;10079;28.270;-;match_stop;;
1399556185.582026;<0.1346.0>;598;post;staging-lpa.service.dsd.io;/user/about-you;502;10079;23.879;-;match_stop;;
1399556185.636033;<0.1413.0>;630;get;staging-lpa.service.dsd.io;/user/about-you;502;10079;23.903;-;match_stop;;
1399556187.899731;<0.948.0>;409;get;staging-lpa.service.dsd.io;/create/add-attorney;502;10079;25.585;-;match_stop;;
1399556187.906346;<0.968.0>;419;get;staging-lpa.service.dsd.io;/create/add-attorney;502;10079;26.237;-;match_stop;;
1399556187.918474;<0.1341.0>;595;get;staging-lpa.service.dsd.io;/create/lpa-type;502;10079;23.369;-;match_stop;;
1399556187.929609;<0.1460.0>;652;get;staging-lpa.service.dsd.io;/user/login;502;10079;25.437;-;match_stop;;
1399556187.931075;<0.138.0>;21;post;staging-lpa.service.dsd.io;/create/review;502;10079;26.868;-;match_stop;;
1399556189.021887;<0.409.0>;152;get;staging-lpa.service.dsd.io;/create/certificate-provider;502;10079;24.767;-;match_stop;;
1399556191.786196;<0.1600.0>;721;get;staging-lpa.service.dsd.io;/?autoTestKey=I5iOAmnnQaq5JPI8JHYcdXQPlI09bQnHoeAxb7xYjTe+FLPTVHZho3zK0mu41ouPmxLXJlZYi;502;10079;162.077;-;match_stop;;
1399556191.804665;<0.722.0>;301;get;staging-lpa.service.dsd.io;/address/lookup?addressid=23911113;502;10079;24.511;-;match_stop;;
1399556191.87444;<0.1025.0>;446;get;staging-lpa.service.dsd.io;/create/attorneys;502;10079;24.241;-;match_stop;;
1399556191.880003;<0.694.0>;287;get;staging-lpa.service.dsd.io;/address/lookup?addressid=23911113;502;10079;25.908;-;match_stop;;
1399556191.920056;<0.1528.0>;686;get;staging-lpa.service.dsd.io;/user/register;502;10079;24.805;-;match_stop;;
1399556191.926519;<0.1567.0>;705;get;staging-lpa.service.dsd.io;/user/register;502;10079;24.437;-;match_stop;;
1399556191.954532;<0.1287.0>;570;get;staging-lpa.service.dsd.io;/create/add-donor;502;10079;26.385;-;match_stop;;
1399556191.968185;<0.743.0>;310;get;staging-lpa.service.dsd.io;/pdf/draft/Lasting-Power-of-Attorney-Draft.pdf;502;10079;23.080;-;match_stop;;
1399556192.019886;<0.1151.0>;505;get;staging-lpa.service.dsd.io;/address/lookup?addressid=23911113;502;10079;23.764;-;match_stop;;
1399556192.127167;<0.1582.0>;713;get;staging-lpa.service.dsd.io;/user/register;502;10079;25.016;-;match_stop;;
1399556192.703551;<0.1360.0>;605;post;staging-lpa.service.dsd.io;/user/about-you;502;10079;26.379;-;match_stop;;
1399556192.839053;<0.179.0>;41;post;staging-lpa.service.dsd.io;/register/applicant;502;10079;23.894;-;match_stop;;
1399556209.188878;<0.1632.0>;737;get;staging-lpa.service.dsd.io;/user/register;502;10079;23.748;-;match_stop;;
1399556209.423628;<0.1519.0>;680;get;staging-lpa.service.dsd.io;/activate/f231b7397e6853868b9992ada0d939d3;502;10079;23.489;-;match_stop;;
1399556209.531153;<0.1498.0>;673;get;staging-lpa.service.dsd.io;/user/login;502;10079;25.983;-;match_stop;;
1399556209.60581;<0.1647.0>;742;get;staging-lpa.service.dsd.io;/?autoTestKey=I5iOAmnnQaq5JPI8JHYcdXQPlI09bQnHoeAxb7xYjTe+FLPTVHZho3zK0mu41ouPmxLXJlZYi;502;10079;149.711;-;match_stop;;
1399556209.844093;<0.1438.0>;643;post;staging-lpa.service.dsd.io;/user/login;502;10079;23.857;-;match_stop;;
1399556209.883918;<0.1515.0>;678;get;staging-lpa.service.dsd.io;/user/login;502;10079;26.760;-;match_stop;;
1399556211.006405;<0.1523.0>;683;get;staging-lpa.service.dsd.io;/activate/46783715bf9d925d2ee72084f402cb50;502;10079;26.209;-;match_stop;;
1399556219.865729;<0.1659.0>;750;get;staging-lpa.service.dsd.io;/?autoTestKey=I5iOAmnnQaq5JPI8JHYcdXQPlI09bQnHoeAxb7xYjTe+FLPTVHZho3zK0mu41ouPmxLXJlZYi;502;10079;155.593;-;match_stop;;
1399556219.898423;<0.912.0>;393;get;staging-lpa.service.dsd.io;/address/lookup?addressid=23911113;502;10079;25.257;-;match_stop;;
1399556223.277838;<0.687.0>;283;post;staging-lpa.service.dsd.io;/create/add-replacement-attorney;502;10079;23.658;-;match_stop;;
1399556223.478469;<0.1571.0>;706;get;staging-lpa.service.dsd.io;/activate/5175966877d3dcd378b529fb1e796ccb;502;10079;24.258;-;match_stop;;
1399556223.837487;<0.1307.0>;580;get;staging-lpa.service.dsd.io;/create/add-donor;502;10079;23.345;-;match_stop;;
1399556223.878006;<0.1368.0>;609;post;staging-lpa.service.dsd.io;/create/lpa-type;502;10079;23.893;-;match_stop;;
1399556223.900249;<0.1181.0>;520;get;staging-lpa.service.dsd.io;/address/lookup?addressid=23911113;502;10079;30.164;-;match_stop;;
1399556223.916195;<0.1678.0>;757;get;staging-lpa.service.dsd.io;/?autoTestKey=I5iOAmnnQaq5JPI8JHYcdXQPlI09bQnHoeAxb7xYjTe+FLPTVHZho3zK0mu41ouPmxLXJlZYi;502;10079;154.106;-;match_stop;;
1399556224.027785;<0.1537.0>;691;get;staging-lpa.service.dsd.io;/user/login;502;10079;23.630;-;match_stop;;
1399556224.261517;<0.1658.0>;749;get;staging-lpa.service.dsd.io;/user/register;502;10079;26.397;-;match_stop;;
1399556224.266397;<0.1549.0>;696;get;staging-lpa.service.dsd.io;/activate/f67bb4e0647f6e901cd5409fe3682d76;502;10079;25.267;-;match_stop;;
1399556224.309802;<0.758.0>;319;post;staging-lpa.service.dsd.io;/create/add-replacement-attorney;502;10079;26.546;-;match_stop;;
1399556224.59628;<0.1426.0>;637;post;staging-lpa.service.dsd.io;/user/about-you;502;10079;30.138;-;match_stop;;
1399556224.606232;<0.1365.0>;607;get;staging-lpa.service.dsd.io;/create/add-donor;502;10079;25.123;-;match_stop;;
1399556224.618618;<0.1495.0>;670;get;staging-lpa.service.dsd.io;/user/about-you;502;10079;26.543;-;match_stop;;
1399556224.679025;<0.1531.0>;688;post;staging-lpa.service.dsd.io;/user/login;502;10079;32.871;-;match_stop;;
1399556224.69084;<0.1572.0>;707;get;staging-lpa.service.dsd.io;/activate/126e8ccdc3a26f72211444db88144ffd;502;10079;25.710;-;match_stop;;
1399556224.712408;<0.1602.0>;722;get;staging-lpa.service.dsd.io;/activate/ebf7e7c0692cf1a2dafaf68bb696b8a2;502;10079;25.279;-;match_stop;;
1399556224.754415;<0.1573.0>;708;get;staging-lpa.service.dsd.io;/user/login;502;10079;26.215;-;match_stop;;
1399556224.769626;<0.1442.0>;645;post;staging-lpa.service.dsd.io;/user/about-you;502;10079;28.527;-;match_stop;;
1399556224.91478;<0.1404.0>;626;get;staging-lpa.service.dsd.io;/create/lpa-type;502;10079;26.637;-;match_stop;;
1399556225.054173;<0.1522.0>;682;post;staging-lpa.service.dsd.io;/user/login;502;10079;26.988;-;match_stop;;
1399556225.087596;<0.936.0>;404;get;staging-lpa.service.dsd.io;/postcode/lookup?postcode=SW10+9LB;502;10079;23.474;-;match_stop;;
1399556225.382251;<0.1026.0>;447;get;staging-lpa.service.dsd.io;/create/when-to-use;502;10079;25.127;-;match_stop;;
1399556229.268564;<0.1686.0>;760;get;staging-lpa.service.dsd.io;/?autoTestKey=I5iOAmnnQaq5JPI8JHYcdXQPlI09bQnHoeAxb7xYjTe+FLPTVHZho3zK0mu41ouPmxLXJlZYi;502;10079;153.392;-;match_stop;;
1399556229.419751;<0.1430.0>;639;post;staging-lpa.service.dsd.io;/create/lpa-type;502;10079;23.611;-;match_stop;;
1399556229.464675;<0.1072.0>;468;get;staging-lpa.service.dsd.io;/postcode/lookup?postcode=SW10+9LB;502;10079;23.560;-;match_stop;;
1399556229.561427;<0.840.0>;358;get;staging-lpa.service.dsd.io;/pdf/draft/Lasting-Power-of-Attorney-Draft.pdf;502;10079;28.332;-;match_stop;;
1399556229.588153;<0.1644.0>;741;post;staging-lpa.service.dsd.io;/user/register;502;10079;26.231;-;match_stop;;
1399556229.632643;<0.1361.0>;606;get;staging-lpa.service.dsd.io;/create/add-donor;502;10079;24.508;-;match_stop;;
1399556234.855099;<0.327.0>;112;post;staging-lpa.service.dsd.io;/create/add-notified-person;502;10079;25.957;-;match_stop;;
1399556235.716386;<0.1627.0>;734;get;staging-lpa.service.dsd.io;/activate/bdd02f67fcc2ad6f338842c0ef268c95;502;10079;25.187;-;match_stop;;
1399556237.747092;<0.1703.0>;769;get;staging-lpa.service.dsd.io;/?autoTestKey=I5iOAmnnQaq5JPI8JHYcdXQPlI09bQnHoeAxb7xYjTe+FLPTVHZho3zK0mu41ouPmxLXJlZYi;502;10079;154.986;-;match_stop;;
1399556237.75877;<0.1631.0>;736;post;staging-lpa.service.dsd.io;/user/register;502;10079;22.527;-;match_stop;;
1399556237.78661;<0.1357.0>;604;post;staging-lpa.service.dsd.io;/create/lpa-type;502;10079;23.500;-;match_stop;;
1399556237.842891;<0.1230.0>;543;get;staging-lpa.service.dsd.io;/address/lookup?addressid=23911113;502;10079;24.789;-;match_stop;;
1399556237.896463;<0.1493.0>;669;get;staging-lpa.service.dsd.io;/user/about-you;502;10079;26.287;-;match_stop;;
1399556237.924443;<0.1486.0>;665;post;staging-lpa.service.dsd.io;/user/about-you;502;10079;26.271;-;match_stop;;
1399556237.941989;<0.1456.0>;650;get;staging-lpa.service.dsd.io;/create/lpa-type;502;10079;28.834;-;match_stop;;
1399556238.107515;<0.874.0>;374;get;staging-lpa.service.dsd.io;/create/attorneys;502;10079;24.362;-;match_stop;;
1399556238.140075;<0.1577.0>;710;post;staging-lpa.service.dsd.io;/user/login;502;10079;25.886;-;match_stop;;
1399556238.257914;<0.1711.0>;772;get;staging-lpa.service.dsd.io;/?autoTestKey=I5iOAmnnQaq5JPI8JHYcdXQPlI09bQnHoeAxb7xYjTe+FLPTVHZho3zK0mu41ouPmxLXJlZYi;502;10079;149.786;-;match_stop;;
1399556238.268463;<0.1441.0>;644;get;staging-lpa.service.dsd.io;/create/lpa-type;502;10079;24.331;-;match_stop;;
1399556241.976009;<0.1017.0>;442;get;staging-lpa.service.dsd.io;/address/lookup?addressid=23911113;502;10079;25.884;-;match_stop;;
1399556242.127718;<0.1718.0>;776;get;staging-lpa.service.dsd.io;/?autoTestKey=I5iOAmnnQaq5JPI8JHYcdXQPlI09bQnHoeAxb7xYjTe+FLPTVHZho3zK0mu41ouPmxLXJlZYi;502;10079;155.593;-;match_stop;;
1399556242.172189;<0.1723.0>;779;get;staging-lpa.service.dsd.io;/?autoTestKey=I5iOAmnnQaq5JPI8JHYcdXQPlI09bQnHoeAxb7xYjTe+FLPTVHZho3zK0mu41ouPmxLXJlZYi;502;10079;174.085;-;match_stop;;
1399556244.791798;<0.468.0>;180;get;staging-lpa.service.dsd.io;/create/certificate-provider;502;10079;24.702;-;match_stop;;
1399556244.833721;<0.1563.0>;703;post;staging-lpa.service.dsd.io;/user/login;502;10079;68.534;-;match_stop;;
1399556246.476293;<0.1470.0>;658;post;staging-lpa.service.dsd.io;/user/about-you;502;10079;25.141;-;match_stop;;
1399556253.957901;<0.1756.0>;795;get;staging-lpa.service.dsd.io;/?autoTestKey=I5iOAmnnQaq5JPI8JHYcdXQPlI09bQnHoeAxb7xYjTe+FLPTVHZho3zK0mu41ouPmxLXJlZYi;502;10079;158.809;-;match_stop;;
1399556256.734398;<0.1288.0>;571;get;staging-lpa.service.dsd.io;/address/lookup?addressid=23911113;502;10079;24.297;-;match_stop;;
1399556267.462879;<0.1742.0>;787;get;staging-lpa.service.dsd.io;/user/register;502;10079;23.772;-;match_stop;;
1399556267.481306;<0.1786.0>;811;get;staging-lpa.service.dsd.io;/?autoTestKey=I5iOAmnnQaq5JPI8JHYcdXQPlI09bQnHoeAxb7xYjTe+FLPTVHZho3zK0mu41ouPmxLXJlZYi;502;10079;156.022;-;match_stop;;
1399556267.60529;<0.1027.0>;448;get;staging-lpa.service.dsd.io;/address/lookup?addressid=23911113;502;10079;26.151;-;match_stop;;
1399556268.7143;<0.1407.0>;627;get;staging-lpa.service.dsd.io;/postcode/lookup?postcode=SW10+9LB;502;10079;25.108;-;match_stop;;
1399556269.221589;<0.1767.0>;800;get;staging-lpa.service.dsd.io;/user/register;502;10079;25.464;-;match_stop;;
1399556269.41335;<0.1221.0>;538;post;staging-lpa.service.dsd.io;/create/add-donor;502;10079;26.186;-;match_stop;;
1399556271.158603;<0.1423.0>;636;get;staging-lpa.service.dsd.io;/create/add-donor;502;10079;24.475;-;match_stop;;
1399556271.181458;<0.1555.0>;699;get;staging-lpa.service.dsd.io;/create/lpa-type;502;10079;24.345;-;match_stop;;
1399556271.199088;<0.1757.0>;796;post;staging-lpa.service.dsd.io;/user/register;502;10079;23.795;-;match_stop;;
1399556272.34049;<0.1480.0>;661;post;staging-lpa.service.dsd.io;/create/lpa-type;502;10079;23.323;-;match_stop;;
1399556272.429535;<0.1292.0>;573;get;staging-lpa.service.dsd.io;/create/donor;502;10079;25.395;-;match_stop;;
1399556273.1;<0.1222.0>;539;get;staging-lpa.service.dsd.io;/create/donor;502;10079;24.872;-;match_stop;;
1399556273.13565;<0.1754.0>;794;get;staging-lpa.service.dsd.io;/user/register;502;10079;25.534;-;match_stop;;
1399556273.145533;<0.1180.0>;519;get;staging-lpa.service.dsd.io;/create/when-to-use;502;10079;26.438;-;match_stop;;
1399556273.353381;<0.855.0>;365;get;staging-lpa.service.dsd.io;/address/lookup?addressid=23911113;502;10079;22.280;-;match_stop;;
1399556273.377951;<0.1605.0>;725;post;staging-lpa.service.dsd.io;/user/about-you;502;10079;22.848;-;match_stop;;
1399556273.389649;<0.1772.0>;802;get;staging-lpa.service.dsd.io;/user/register;502;10079;24.436;-;match_stop;;
1399556273.682281;<0.1752.0>;793;post;staging-lpa.service.dsd.io;/user/register;502;10079;25.999;-;match_stop;;
1399556273.820968;<0.1802.0>;818;get;staging-lpa.service.dsd.io;/?autoTestKey=I5iOAmnnQaq5JPI8JHYcdXQPlI09bQnHoeAxb7xYjTe+FLPTVHZho3zK0mu41ouPmxLXJlZYi;502;10079;146.845;-;match_stop;;
1399556273.840482;<0.1558.0>;701;get;staging-lpa.service.dsd.io;/user/about-you;502;10079;25.394;-;match_stop;;
1399556273.894908;<0.1414.0>;631;get;staging-lpa.service.dsd.io;/create/add-donor;502;10079;23.759;-;match_stop;;
1399556273.905436;<0.1370.0>;610;get;staging-lpa.service.dsd.io;/postcode/lookup?postcode=SW10+9LB;502;10079;24.323;-;match_stop;;
1399556273.936883;<0.1336.0>;592;get;staging-lpa.service.dsd.io;/postcode/lookup?postcode=SW10+9LB;502;10079;24.773;-;match_stop;;
1399556273.97086;<0.1580.0>;712;get;staging-lpa.service.dsd.io;/user/about-you;502;10079;24.767;-;match_stop;;
1399556274.039767;<0.1712.0>;773;get;staging-lpa.service.dsd.io;/activate/8d3d323d713d05e7d417f9aa7b130d9e;502;10079;24.601;-;match_stop;;
1399556276.940394;<0.1807.0>;819;get;staging-lpa.service.dsd.io;/?autoTestKey=I5iOAmnnQaq5JPI8JHYcdXQPlI09bQnHoeAxb7xYjTe+FLPTVHZho3zK0mu41ouPmxLXJlZYi;502;10079;163.243;-;match_stop;;
1399556277.105927;<0.1342.0>;596;get;staging-lpa.service.dsd.io;/address/lookup?addressid=23911113;502;10079;22.704;-;match_stop;;
1399556277.136595;<0.579.0>;232;get;staging-lpa.service.dsd.io;/create/certificate-provider;502;10079;23.502;-;match_stop;;
1399556278.400397;<0.1691.0>;763;get;staging-lpa.service.dsd.io;/user/login;502;10079;26.272;-;match_stop;;
1399556282.13136;<0.1771.0>;801;get;staging-lpa.service.dsd.io;/user/register;502;10079;25.236;-;match_stop;;
1399556282.142875;<0.1781.0>;808;get;staging-lpa.service.dsd.io;/user/register;502;10079;24.783;-;match_stop;;
1399556282.198748;<0.707.0>;293;get;staging-lpa.service.dsd.io;/create/add-certificate-provider;502;10079;24.615;-;match_stop;;
1399556282.620109;<0.1820.0>;826;get;staging-lpa.service.dsd.io;/?autoTestKey=I5iOAmnnQaq5JPI8JHYcdXQPlI09bQnHoeAxb7xYjTe+FLPTVHZho3zK0mu41ouPmxLXJlZYi;502;10079;156.962;-;match_stop;;
1399556282.745201;<0.1788.0>;812;get;staging-lpa.service.dsd.io;/user/register;502;10079;25.036;-;match_stop;;
1399556292.861855;<0.1839.0>;835;get;staging-lpa.service.dsd.io;/?autoTestKey=I5iOAmnnQaq5JPI8JHYcdXQPlI09bQnHoeAxb7xYjTe+FLPTVHZho3zK0mu41ouPmxLXJlZYi;502;10079;148.730;-;match_stop;;
1399556292.880659;<0.1085.0>;475;get;staging-lpa.service.dsd.io;/pdf/draft/Lasting-Power-of-Attorney-Draft.pdf;502;10079;24.576;-;match_stop;;
1399556292.888964;<0.1688.0>;761;get;staging-lpa.service.dsd.io;/user/login;502;10079;22.887;-;match_stop;;
1399556293.332634;<0.1720.0>;778;get;staging-lpa.service.dsd.io;/activate/245d541e6e4fb7784f8990e6cf03ffdb;502;10079;23.448;-;match_stop;;
1399556293.341646;<0.454.0>;173;get;staging-lpa.service.dsd.io;/create/people-to-be-told;502;10079;24.533;-;match_stop;;
1399556293.373478;<0.1790.0>;813;post;staging-lpa.service.dsd.io;/user/register;502;10079;23.205;-;match_stop;;
1399556293.659194;<0.1714.0>;774;get;staging-lpa.service.dsd.io;/user/login;502;10079;30.026;-;match_stop;;
1399556293.807843;<0.399.0>;147;get;staging-lpa.service.dsd.io;/postcode/lookup?postcode=SW10+9LB;502;10079;24.674;-;match_stop;;
1399556293.819487;<0.1614.0>;728;get;staging-lpa.service.dsd.io;/create/lpa-type;502;10079;23.352;-;match_stop;;
1399556301.869682;<0.1814.0>;823;get;staging-lpa.service.dsd.io;/user/register;502;10079;27.561;-;match_stop;;
1399556301.953733;<0.1874.0>;853;get;staging-lpa.service.dsd.io;/?autoTestKey=I5iOAmnnQaq5JPI8JHYcdXQPlI09bQnHoeAxb7xYjTe+FLPTVHZho3zK0mu41ouPmxLXJlZYi;502;10079;147.636;-;match_stop;;
1399556302.367666;<0.1800.0>;816;post;staging-lpa.service.dsd.io;/user/register;502;10079;27.373;-;match_stop;;
1399556302.489087;<0.1465.0>;655;get;staging-lpa.service.dsd.io;/create/add-donor;502;10079;24.987;-;match_stop;;
1399556302.504349;<0.1492.0>;668;get;staging-lpa.service.dsd.io;/create/add-donor;502;10079;26.166;-;match_stop;;
1399556302.530787;<0.1455.0>;649;get;staging-lpa.service.dsd.io;/create/add-donor;502;10079;24.710;-;match_stop;;
1399556302.552833;<0.1483.0>;662;get;staging-lpa.service.dsd.io;/create/add-donor;502;10079;23.754;-;match_stop;;
1399556302.569717;<0.1217.0>;536;get;staging-lpa.service.dsd.io;/create/attorneys;502;10079;23.481;-;match_stop;;
1399556302.576423;<0.1304.0>;578;get;staging-lpa.service.dsd.io;/create/when-to-use;502;10079;28.324;-;match_stop;;
1399556302.631546;<0.1869.0>;850;get;staging-lpa.service.dsd.io;/?autoTestKey=I5iOAmnnQaq5JPI8JHYcdXQPlI09bQnHoeAxb7xYjTe+FLPTVHZho3zK0mu41ouPmxLXJlZYi;502;10079;153.403;-;match_stop;;
1399556302.6498;<0.901.0>;387;get;staging-lpa.service.dsd.io;/address/lookup?addressid=23911113;502;10079;25.637;-;match_stop;;
1399556303.086246;<0.1719.0>;777;get;staging-lpa.service.dsd.io;/user/login;502;10079;26.106;-;match_stop;;
1399556303.260203;<0.776.0>;329;get;staging-lpa.service.dsd.io;/create/add-certificate-provider;502;10079;23.086;-;match_stop;;
1399556303.262728;<0.934.0>;402;get;staging-lpa.service.dsd.io;/address/lookup?addressid=23911113;502;10079;24.637;-;match_stop;;
1399556303.911211;<0.1326.0>;588;get;staging-lpa.service.dsd.io;/create/when-to-use;502;10079;27.093;-;match_stop;;
1399556304.474771;<0.1467.0>;657;get;staging-lpa.service.dsd.io;/postcode/lookup?postcode=SW10+9LB;502;10079;24.584;-;match_stop;;
1399556304.674346;<0.1535.0>;690;post;staging-lpa.service.dsd.io;/create/lpa-type;502;10079;40.224;-;match_stop;;
1399556304.78001;<0.1421.0>;635;get;staging-lpa.service.dsd.io;/postcode/lookup?postcode=SW10+9LB;502;10079;62.906;-;match_stop;;
1399556307.316101;<0.1858.0>;843;get;staging-lpa.service.dsd.io;/user/register;502;10079;24.006;-;match_stop;;
1399556309.121715;<0.1884.0>;857;get;staging-lpa.service.dsd.io;/?autoTestKey=I5iOAmnnQaq5JPI8JHYcdXQPlI09bQnHoeAxb7xYjTe+FLPTVHZho3zK0mu41ouPmxLXJlZYi;502;10079;149.576;-;match_stop;;
1399556309.719994;<0.1594.0>;717;get;staging-lpa.service.dsd.io;/create/lpa-type;502;10079;23.906;-;match_stop;;
1399556309.731732;<0.1833.0>;831;post;staging-lpa.service.dsd.io;/user/register;502;10079;24.439;-;match_stop;;
1399556309.809202;<0.1841.0>;836;get;staging-lpa.service.dsd.io;/user/register;502;10079;25.104;-;match_stop;;
1399556310.465514;<0.1305.0>;579;post;staging-lpa.service.dsd.io;/create/add-donor;502;10079;32.375;-;match_stop;;
1399556310.642736;<0.1859.0>;844;get;staging-lpa.service.dsd.io;/user/register;502;10079;23.586;-;match_stop;;
1399556310.652469;<0.1208.0>;532;get;staging-lpa.service.dsd.io;/create/attorneys;502;10079;23.374;-;match_stop;;
1399556310.711184;<0.1776.0>;805;get;staging-lpa.service.dsd.io;/user/login;502;10079;24.989;-;match_stop;;
1399556310.743846;<0.1748.0>;791;get;staging-lpa.service.dsd.io;/user/login;502;10079;23.695;-;match_stop;;
1399556310.825149;<0.1157.0>;508;get;staging-lpa.service.dsd.io;/postcode/lookup?postcode=SW10+9LB;502;10079;23.885;-;match_stop;;
1399556311.189883;<0.1670.0>;753;post;staging-lpa.service.dsd.io;/user/about-you;502;10079;30.787;-;match_stop;;
1399556311.221969;<0.1652.0>;744;get;staging-lpa.service.dsd.io;/user/about-you;502;10079;24.877;-;match_stop;;
1399556311.310816;<0.1861.0>;845;get;staging-lpa.service.dsd.io;/user/register;502;10079;22.695;-;match_stop;;
1399556311.32147;<0.1724.0>;780;post;staging-lpa.service.dsd.io;/user/login;502;10079;31.344;-;match_stop;;
1399556311.383594;<0.1308.0>;581;post;staging-lpa.service.dsd.io;/create/add-donor;502;10079;23.428;-;match_stop;;
1399556312.345779;<0.1847.0>;839;get;staging-lpa.service.dsd.io;/user/register;502;10079;23.688;-;match_stop;;
1399556312.398614;<0.1427.0>;638;post;staging-lpa.service.dsd.io;/create/add-donor;502;10079;26.510;-;match_stop;;
1399556313.431401;<0.1457.0>;651;get;staging-lpa.service.dsd.io;/postcode/lookup?postcode=SW10+9LB;502;10079;24.255;-;match_stop;;
1399556335.350312;<0.635.0>;260;post;staging-lpa.service.dsd.io;/create/certificate-provider;502;10079;28.170;-;match_stop;;
1399556336.392529;<0.1916.0>;871;get;staging-lpa.service.dsd.io;/user/register;502;10079;25.357;-;match_stop;;
1399556336.402931;<0.1837.0>;833;get;staging-lpa.service.dsd.io;/activate/21bbf79c9bf479170b7543b182b69969;502;10079;24.701;-;match_stop;;
1399556336.432287;<0.718.0>;298;post;staging-lpa.service.dsd.io;/create/certificate-provider;502;10079;24.165;-;match_stop;;
1399556336.511601;<0.1639.0>;740;post;staging-lpa.service.dsd.io;/create/lpa-type;502;10079;23.479;-;match_stop;;
1399556337.088404;<0.1731.0>;782;post;staging-lpa.service.dsd.io;/user/login;502;10079;27.275;-;match_stop;;
1399556337.132791;<0.862.0>;369;get;staging-lpa.service.dsd.io;/create/replacement-attorneys;502;10079;30.698;-;match_stop;;
1399556337.971039;<0.1728.0>;781;get;staging-lpa.service.dsd.io;/user/about-you;502;10079;24.891;-;match_stop;;
1399556342.17317;<0.696.0>;288;post;staging-lpa.service.dsd.io;/create/add-certificate-provider;502;10079;24.976;-;match_stop;;
1399556342.183212;<0.1942.0>;883;get;staging-lpa.service.dsd.io;/?autoTestKey=I5iOAmnnQaq5JPI8JHYcdXQPlI09bQnHoeAxb7xYjTe+FLPTVHZho3zK0mu41ouPmxLXJlZYi;502;10079;155.073;-;match_stop;;
1399556348.271847;<0.644.0>;264;post;staging-lpa.service.dsd.io;/create/certificate-provider;502;10079;44.395;-;match_stop;;
1399556348.361518;<0.1921.0>;874;get;staging-lpa.service.dsd.io;/user/register;502;10079;60.382;-;match_stop;;
1399556348.362137;<0.1880.0>;855;get;staging-lpa.service.dsd.io;/activate/63b7c6d6ca8763af8cf58a674e32eaf4;502;10079;25.904;-;match_stop;;
1399556348.386692;<0.750.0>;314;get;staging-lpa.service.dsd.io;/postcode/lookup?postcode=SW10+9LB;502;10079;24.561;-;match_stop;;
1399556348.797556;<0.1708.0>;770;get;staging-lpa.service.dsd.io;/create/lpa-type;502;10079;23.410;-;match_stop;;
1399556349.631354;<0.1958.0>;891;get;staging-lpa.service.dsd.io;/?autoTestKey=I5iOAmnnQaq5JPI8JHYcdXQPlI09bQnHoeAxb7xYjTe+FLPTVHZho3zK0mu41ouPmxLXJlZYi;502;10079;177.218;-;match_stop;;
1399556349.702932;<0.1743.0>;788;post;staging-lpa.service.dsd.io;/user/about-you;502;10079;24.826;-;match_stop;;
1399556350.894665;<0.1634.0>;738;post;staging-lpa.service.dsd.io;/create/lpa-type;502;10079;24.484;-;match_stop;;
1399556350.988155;<0.1579.0>;711;get;staging-lpa.service.dsd.io;/postcode/lookup?postcode=SW10+9LB;502;10079;26.070;-;match_stop;;
1399556351.001689;<0.1311.0>;582;post;staging-lpa.service.dsd.io;/create/when-to-use;502;10079;23.575;-;match_stop;;
1399556351.067455;<0.1218.0>;537;post;staging-lpa.service.dsd.io;/create/add-attorney;502;10079;24.225;-;match_stop;;
1399556351.076663;<0.1924.0>;876;post;staging-lpa.service.dsd.io;/user/register;502;10079;24.354;-;match_stop;;
1399556351.149391;<0.1966.0>;894;get;staging-lpa.service.dsd.io;/?autoTestKey=I5iOAmnnQaq5JPI8JHYcdXQPlI09bQnHoeAxb7xYjTe+FLPTVHZho3zK0mu41ouPmxLXJlZYi;502;10079;156.252;-;match_stop;;
1399556352.491705;<0.1298.0>;575;get;staging-lpa.service.dsd.io;/create/when-to-use;502;10079;25.596;-;match_stop;;
1399556356.019369;<0.1698.0>;766;post;staging-lpa.service.dsd.io;/user/about-you;502;10079;25.217;-;match_stop;;
1399556356.022073;<0.1628.0>;735;get;staging-lpa.service.dsd.io;/create/add-donor;502;10079;29.930;-;match_stop;;
1399556356.114735;<0.897.0>;385;get;staging-lpa.service.dsd.io;/pdf/draft/Lasting-Power-of-Attorney-Draft.pdf;502;10079;30.590;-;match_stop;;
1399556356.115354;<0.1260.0>;557;get;staging-lpa.service.dsd.io;/create/add-attorney;502;10079;27.282;-;match_stop;;
1399556356.20592;<0.1716.0>;775;post;staging-lpa.service.dsd.io;/user/about-you;502;10079;24.786;-;match_stop;;
1399556356.216025;<0.1811.0>;821;post;staging-lpa.service.dsd.io;/user/login;502;10079;24.905;-;match_stop;;
1399556356.232453;<0.1618.0>;729;get;staging-lpa.service.dsd.io;/create/add-donor;502;10079;23.360;-;match_stop;;
1399556374.890293;<0.1918.0>;873;get;staging-lpa.service.dsd.io;/user/login;502;10079;25.115;-;match_stop;;
1399556374.920759;<0.1782.0>;809;post;staging-lpa.service.dsd.io;/user/about-you;502;10079;24.635;-;match_stop;;
1399556374.932517;<0.1828.0>;828;get;staging-lpa.service.dsd.io;/user/about-you;502;10079;24.423;-;match_stop;;
1399556374.982747;<0.1433.0>;642;get;staging-lpa.service.dsd.io;/create/when-to-use;502;10079;23.638;-;match_stop;;
1399556375.471179;<0.1409.0>;628;get;staging-lpa.service.dsd.io;/create/attorneys;502;10079;28.054;-;match_stop;;
1399556375.587223;<0.1941.0>;882;get;staging-lpa.service.dsd.io;/activate/d45dfb3e9a4a207667de3b159d597a2b;502;10079;25.014;-;match_stop;;
1399556375.759797;<0.1584.0>;714;get;staging-lpa.service.dsd.io;/create/add-donor;502;10079;23.628;-;match_stop;;
1399556375.823204;<0.994.0>;432;get;staging-lpa.service.dsd.io;/pdf/draft/Lasting-Power-of-Attorney-Draft.pdf;502;10079;26.080;-;match_stop;;
1399556375.900499;<0.1897.0>;862;post;staging-lpa.service.dsd.io;/user/login;502;10079;25.375;-;match_stop;;
1399556390.198893;<0.1834.0>;832;get;staging-lpa.service.dsd.io;/user/about-you;502;10079;24.752;-;match_stop;;
1399556390.358929;<0.1865.0>;848;post;staging-lpa.service.dsd.io;/user/login;502;10079;25.687;-;match_stop;;
1399556390.41899;<0.1376.0>;613;get;staging-lpa.service.dsd.io;/postcode/lookup?postcode=SW10+9LB;502;10079;24.883;-;match_stop;;
1399556662.438384;<0.1599.0>;720;get;staging-lpa.service.dsd.io;/address/lookup?addressid=23911113;502;10079;24.277;-;match_stop;;
1399556663.167511;<0.1902.0>;865;get;staging-lpa.service.dsd.io;/create/attorneys;502;10079;24.416;-;match_stop;;
1399556663.17825;<0.1250.0>;553;post;staging-lpa.service.dsd.io;/create/certificate-provider;502;10079;26.155;-;match_stop;;
1399556693.539662;<0.1431.0>;640;post;staging-lpa.service.dsd.io;/create/add-certificate-provider;502;10079;26.530;-;match_stop;;
1399556693.797344;<0.1945.0>;884;get;staging-lpa.service.dsd.io;/address/lookup?addressid=23911113;502;10079;25.054;-;match_stop;;
1399556693.999552;<0.1198.0>;527;get;staging-lpa.service.dsd.io;/postcode/lookup?postcode=SW10+9LB;502;10079;26.377;-;match_stop;;
1399556695.916226;<0.1273.0>;563;get;staging-lpa.service.dsd.io;/address/lookup?addressid=23911113;502;10079;26.053;-;match_stop;;
1399556696.035266;<0.1654.0>;746;get;staging-lpa.service.dsd.io;/postcode/lookup?postcode=SW10+9LB;502;10079;25.145;-;match_stop;;
1399556698.163617;<0.1259.0>;556;post;staging-lpa.service.dsd.io;/create/certificate-provider;502;10079;26.433;-;match_stop;;
1399556704.268785;<0.1732.0>;783;get;staging-lpa.service.dsd.io;/postcode/lookup?postcode=SW10+9LB;502;10079;23.624;-;match_stop;;
1399556704.420772;<0.1744.0>;789;get;staging-lpa.service.dsd.io;/create/replacement-attorneys;502;10079;26.603;-;match_stop;;
1399556704.522677;<0.1303.0>;577;get;staging-lpa.service.dsd.io;/postcode/lookup?postcode=SW10+9LB;502;10079;22.471;-;match_stop;;
1399556705.735854;<0.1385.0>;616;post;staging-lpa.service.dsd.io;/create/certificate-provider;502;10079;24.675;-;match_stop;;
1399556705.799714;<0.1387.0>;617;get;staging-lpa.service.dsd.io;/create/certificate-provider;502;10079;24.571;-;match_stop;;
1399556731.952818;<0.992.0>;431;get;staging-lpa.service.dsd.io;/pdf/draft/Lasting-Power-of-Attorney-Draft.pdf;504;10084;60029.679;-;match_stop;;
1399556733.302154;<0.1097.0>;481;get;staging-lpa.service.dsd.io;/pdf/draft/Lasting-Power-of-Attorney-Draft.pdf;504;10084;60023.983;-;match_stop;;
1399556736.18177;<0.1041.0>;456;get;staging-lpa.service.dsd.io;/pdf/draft/Lasting-Power-of-Attorney-Draft.pdf;504;10084;60025.653;-;match_stop;;
1399556737.477173;<0.1485.0>;664;get;staging-lpa.service.dsd.io;/pdf/draft/Lasting-Power-of-Attorney-Draft.pdf;504;343;60028.023;-;match_stop;;
1399556738.891171;<0.1655.0>;747;get;staging-lpa.service.dsd.io;/pdf/draft/Lasting-Power-of-Attorney-Draft.pdf;504;343;60024.026;-;match_stop;;
1399556740.36896;<0.1574.0>;709;get;staging-lpa.service.dsd.io;/pdf/draft/Lasting-Power-of-Attorney-Draft.pdf;504;10084;60023.832;-;match_stop;;
1399556740.676831;<0.1603.0>;723;get;staging-lpa.service.dsd.io;/pdf/draft/Lasting-Power-of-Attorney-Draft.pdf;504;343;60023.695;-;match_stop;;
1399556740.896703;<0.1777.0>;806;get;staging-lpa.service.dsd.io;/pdf/draft/Lasting-Power-of-Attorney-Draft.pdf;504;343;60024.565;-;match_stop;;
1399556741.328288;<0.1585.0>;715;get;staging-lpa.service.dsd.io;/pdf/draft/Lasting-Power-of-Attorney-Draft.pdf;504;343;60022.160;-;match_stop;;
1399556742.769604;<0.1883.0>;856;get;staging-lpa.service.dsd.io;/pdf/draft/Lasting-Power-of-Attorney-Draft.pdf;504;10084;60027.470;-;match_stop;;
1399556744.07167;<0.1548.0>;695;get;staging-lpa.service.dsd.io;/pdf/draft/Lasting-Power-of-Attorney-Draft.pdf;504;343;60021.491;-;match_stop;;
1399556745.137814;<0.1613.0>;727;get;staging-lpa.service.dsd.io;/pdf/draft/Lasting-Power-of-Attorney-Draft.pdf;504;10084;60025.597;-;match_stop;;
1399556745.746865;<0.729.0>;303;get;staging-lpa.service.dsd.io;/pdf/draft/Lasting-Power-of-Attorney-Draft.pdf;504;343;60021.362;-;match_stop;;
1399556747.451575;<0.1876.0>;854;get;staging-lpa.service.dsd.io;/pdf/draft/Lasting-Power-of-Attorney-Draft.pdf;504;343;60026.433;-;match_stop;;
1399556748.956168;<0.1793.0>;814;get;staging-lpa.service.dsd.io;/pdf/draft/Lasting-Power-of-Attorney-Draft.pdf;504;10084;60025.055;-;match_stop;;
1399556767.033124;<0.1551.0>;697;get;staging-lpa.service.dsd.io;/pdf/draft/Lasting-Power-of-Attorney-Draft.pdf;504;10084;60028.968;-;match_stop;;
1399556784.582899;<0.1625.0>;732;get;staging-lpa.service.dsd.io;/pdf/draft/Lasting-Power-of-Attorney-Draft.pdf;504;343;60023.759;-;match_stop;;
1399556785.391538;<0.1636.0>;739;get;staging-lpa.service.dsd.io;/pdf/draft/Lasting-Power-of-Attorney-Draft.pdf;504;343;60024.404;-;match_stop;;
1399556790.152541;<0.1665.0>;752;get;staging-lpa.service.dsd.io;/pdf/draft/Lasting-Power-of-Attorney-Draft.pdf;504;343;60022.384;-;match_stop;;
1399556791.277679;<0.1914.0>;870;get;staging-lpa.service.dsd.io;/pdf/draft/Lasting-Power-of-Attorney-Draft.pdf;504;343;60026.550;-;match_stop;;
1399556793.355058;<0.1608.0>;726;get;staging-lpa.service.dsd.io;/pdf/draft/Lasting-Power-of-Attorney-Draft.pdf;504;10084;60024.924;-;match_stop;;
1399556794.987017;<0.1542.0>;692;get;staging-lpa.service.dsd.io;/pdf/draft/Lasting-Power-of-Attorney-Draft.pdf;504;343;60023.867;-;match_stop;;
1399556795.937705;<0.1595.0>;718;get;staging-lpa.service.dsd.io;/pdf/draft/Lasting-Power-of-Attorney-Draft.pdf;504;343;60026.540;-;match_stop;;
1399556798.18423;<0.1671.0>;754;get;staging-lpa.service.dsd.io;/pdf/draft/Lasting-Power-of-Attorney-Draft.pdf;504;343;60024.066;-;match_stop;;
1399556805.854661;<0.979.0>;425;get;staging-lpa.service.dsd.io;/pdf/draft/Lasting-Power-of-Attorney-Draft.pdf;504;10084;60024.496;-;match_stop;;
1399556805.874112;<0.1620.0>;730;get;staging-lpa.service.dsd.io;/pdf/draft/Lasting-Power-of-Attorney-Draft.pdf;504;10084;60025.020;-;match_stop;;
1399556808.471063;<0.1936.0>;881;get;staging-lpa.service.dsd.io;/pdf/draft/Lasting-Power-of-Attorney-Draft.pdf;504;343;60023.920;-;match_stop;;
1399556808.593452;<0.866.0>;371;get;staging-lpa.service.dsd.io;/pdf/draft/Lasting-Power-of-Attorney-Draft.pdf;504;343;60021.329;-;match_stop;;
1399556811.876908;<0.1934.0>;879;get;staging-lpa.service.dsd.io;/pdf/draft/Lasting-Power-of-Attorney-Draft.pdf;504;343;60023.717;-;match_stop;;
1399556814.181387;<0.1171.0>;514;get;staging-lpa.service.dsd.io;/pdf/draft/Lasting-Power-of-Attorney-Draft.pdf;504;343;60023.208;-;match_stop;;
1399556814.650273;<0.1566.0>;704;get;staging-lpa.service.dsd.io;/pdf/draft/Lasting-Power-of-Attorney-Draft.pdf;504;10084;60025.133;-;match_stop;;
1399556814.77383;<0.1887.0>;858;get;staging-lpa.service.dsd.io;/pdf/draft/Lasting-Power-of-Attorney-Draft.pdf;504;343;60022.702;-;match_stop;;
1399556819.86059;<0.1596.0>;719;get;staging-lpa.service.dsd.io;/pdf/draft/Lasting-Power-of-Attorney-Draft.pdf;504;343;60023.412;-;match_stop;;
1399556833.02531;<0.1200.0>;528;get;staging-lpa.service.dsd.io;/pdf/draft/Lasting-Power-of-Attorney-Draft.pdf;504;10084;60025.142;-;match_stop;;
1399556841.738125;<0.1701.0>;768;get;staging-lpa.service.dsd.io;/pdf/draft/Lasting-Power-of-Attorney-Draft.pdf;504;10084;60024.962;-;match_stop;;
1399556841.785725;<0.1675.0>;756;get;staging-lpa.service.dsd.io;/pdf/draft/Lasting-Power-of-Attorney-Draft.pdf;504;343;60022.597;-;match_stop;;
1399556841.799284;<0.895.0>;384;get;staging-lpa.service.dsd.io;/pdf/draft/Lasting-Power-of-Attorney-Draft.pdf;504;343;60022.197;-;match_stop;;
1399556841.987814;<0.1193.0>;525;get;staging-lpa.service.dsd.io;/pdf/draft/Lasting-Power-of-Attorney-Draft.pdf;504;343;60022.628;-;match_stop;;
1399556844.219325;<0.1660.0>;751;get;staging-lpa.service.dsd.io;/pdf/draft/Lasting-Power-of-Attorney-Draft.pdf;504;343;60023.178;-;match_stop;;
1399556844.566248;<0.1739.0>;786;get;staging-lpa.service.dsd.io;/pdf/draft/Lasting-Power-of-Attorney-Draft.pdf;504;10084;60025.098;-;match_stop;;
1399556845.670543;<0.1738.0>;785;get;staging-lpa.service.dsd.io;/pdf/draft/Lasting-Power-of-Attorney-Draft.pdf;504;343;60022.371;-;match_stop;;
1399556846.86975;<0.1244.0>;550;get;staging-lpa.service.dsd.io;/pdf/draft/Lasting-Power-of-Attorney-Draft.pdf;504;343;60022.571;-;match_stop;;
1399556849.838703;<0.1693.0>;764;get;staging-lpa.service.dsd.io;/pdf/draft/Lasting-Power-of-Attorney-Draft.pdf;504;343;60023.576;-;match_stop;;
1399556850.028537;<0.1279.0>;566;get;staging-lpa.service.dsd.io;/pdf/draft/Lasting-Power-of-Attorney-Draft.pdf;504;343;60021.405;-;match_stop;;
1399556851.52071;<0.1201.0>;529;get;staging-lpa.service.dsd.io;/pdf/draft/Lasting-Power-of-Attorney-Draft.pdf;504;343;60021.571;-;match_stop;;
1399556852.774831;<0.1699.0>;767;get;staging-lpa.service.dsd.io;/pdf/draft/Lasting-Power-of-Attorney-Draft.pdf;504;343;60022.702;-;match_stop;;
1399556853.745753;<0.1689.0>;762;get;staging-lpa.service.dsd.io;/pdf/draft/Lasting-Power-of-Attorney-Draft.pdf;504;343;60023.546;-;match_stop;;
1399556855.982076;<0.1178.0>;518;get;staging-lpa.service.dsd.io;/pdf/draft/Lasting-Power-of-Attorney-Draft.pdf;504;343;60024.835;-;match_stop;;
1399556857.605725;<0.1657.0>;748;get;staging-lpa.service.dsd.io;/pdf/draft/Lasting-Power-of-Attorney-Draft.pdf;504;343;60022.550;-;match_stop;;
1399556864.610611;<0.1604.0>;724;get;staging-lpa.service.dsd.io;/pdf/draft/Lasting-Power-of-Attorney-Draft.pdf;504;10084;60024.418;-;match_stop;;
1399556868.097253;<0.1212.0>;534;get;staging-lpa.service.dsd.io;/pdf/draft/Lasting-Power-of-Attorney-Draft.pdf;504;343;60023.138;-;match_stop;;
1399556870.210129;<0.1734.0>;784;get;staging-lpa.service.dsd.io;/pdf/draft/Lasting-Power-of-Attorney-Draft.pdf;504;343;60022.007;-;match_stop;;
1399556874.119758;<0.1709.0>;771;get;staging-lpa.service.dsd.io;/pdf/draft/Lasting-Power-of-Attorney-Draft.pdf;504;343;60023.609;-;match_stop;;
1399556875.953842;<0.1672.0>;755;get;staging-lpa.service.dsd.io;/pdf/draft/Lasting-Power-of-Attorney-Draft.pdf;504;343;60021.712;-;match_stop;;
1399556877.188804;<0.990.0>;429;get;staging-lpa.service.dsd.io;/pdf/draft/Lasting-Power-of-Attorney-Draft.pdf;504;10084;60024.631;-;match_stop;;
1399556884.022851;<0.1831.0>;830;get;staging-lpa.service.dsd.io;/pdf/draft/Lasting-Power-of-Attorney-Draft.pdf;504;343;60021.683;-;match_stop;;
